,_id,symbol,candyMachineIds,name,image,categories,description,createdAt,enabledAttributesFilters,isDraft,website,twitter,discord,derivativeDetails,isDerivative,nftImageType,totalItems,updatedAt,__v,flagMessage,isFlagged,rarity,watchlistCount,onChainCollectionAddress,skipMintsAttributesOverride
0,621921034e8dbf1d0dfbf43e,guild_saga_heroes,['BNaDSC3g8fgf8BebB8ovKefScNKjHotZsTeVJ33LL53h'],Guild Saga Heroes,https://dl.airtable.com/.attachmentThumbnails/0538d53dd445b408d2a48b0e159146eb/5dae4385,['launchpad'],"Guild Saga is a play-to-earn, NFT-based fantasy RPG built on the Solana blockchain, featuring a story mode, a gauntlet-style PVE mode, and PVP. ",2022-02-25T18:33:39.628Z,True,False,https://www.guildsaga.com/,https://twitter.com/GuildSaga,https://discord.gg/GuildSaga,"{'originLink': '', 'originName': ''}",False,,9900.0,2022-02-25T18:33:39.628Z,0.0,,,,,,
1,6219bd4a825d180012ce6528,monkelabs_dao,[],MonkeLabs DAO,https://dl.airtable.com/.attachmentThumbnails/aa44538adfb1ba9e95c454486acaf3e8/0ef22462,"['pfps', 'art']",MonkeLabs DAO is a collection of 6000 MonkeLabs PFPs,2022-02-26T05:40:24.698Z,True,False,https://monkelabs.io/,https://twitter.com/monkelabs,https://discord.gg/RgdeB4StKM,,,,,,,,,,,,
2,620df9ebb92bca0010dfe01b,magicticket,"['58582adx2ncHC7S92RPg71mBw5Q9EygtRVbhy7ZfAAu2', 'HWfU5gSJ55cmAX2su8i5XtqAoMb3JmkiMj8dRxJWL6NU', 'H9dkg8BvuDz2axdpvP7zoxL4xasDsQrJ34uvmhnqQVNg']",Magic Ticket,https://ipfs.io/ipfs/bafybeibimlad5fzgsvo2hzvtb6h2ayqi6kncr665mddylf6crvjpc2l7s4,"['virtual_worlds', 'art']",Magic Ticket NFT for active wallets on Magic Eden. Holders will receive access to MagicDAO.,2022-02-22T00:48:24.023Z,True,False,https://blog.magiceden.io/p/magicdao-magic-ticket-litepaper?s=w,https://twitter.com/MagicEden_NFT,https://discord.gg/magiceden,"{'originLink': '', 'originName': ''}",False,,,,,,,,,,
3,621c423e814536dcf79487f6,cyborg_iguanas,,Cyborg Iguanas,https://creator-hub-prod.s3.us-east-2.amazonaws.com/cyborg_iguanas_pfp_1645398840903.png,"['games', 'pfps']",Cyborg Iguanas are 2222 Iguana NFTs in space ready to conquer the Iguanaverse. Each Iguana enables holders to participate in our unique missions. Board into cosmic space and equip items in search of the coveted Iguana eggs.,2022-02-28T03:32:13.979Z,True,False,https://www.cyborgiguanas.com/,https://www.twitter.com/CyborgIguanas,https://www.discord.gg/cyborgiguanas,"{'originName': '', 'originLink': ''}",False,,2222.0,,,,,,,,
4,61f4770fd997397d29f5a865,monkelabs,[],MonkeLabs,https://dl.airtable.com/.attachmentThumbnails/37fd1a44d683784b3b6195f0e5dec266/8196493e,['virtual_worlds'],Monkelabs.io is a revenue sharing Launchpad for Solana NFT projects. Holders receive 50% revenue from the Launchpad and 50% off Launchpad fees when launching their own project. ,2022-01-29T21:19:04.096Z,True,False,,https://twitter.com/monkelabs,https://discord.gg/RgdeB4StKM,"{'originLink': '', 'originName': ''}",False,gif,3000.0,,,,,,,,
5,621d72bd26d2ba0011262ffc,diamond_town,[],DIAMOND TOWN HEADS,https://dl.airtable.com/.attachmentThumbnails/13c480ee324f73ab81eee0ab92647a8a/cd9ad9ed,['pfps'],"5,000 Headers in town will make a living by earning $HAIR and take part in the DAO.",2022-03-01T01:11:23.928Z,True,False,https://diamondtownheads.io/,https://twitter.com/soldiamondheads,https://discord.com/invite/diamondtownheads,"{'originLink': '', 'originName': ''}",False,,,,,,,,,,
6,61c8af005f47f500114a74d9,lifinity_flares,['EWyWxSkxWHWGzxfCd9kG7zGrKTUDbZGiV6VbFJF8YfqN'],Lifinity Flares,https://dl.airtable.com/.attachmentThumbnails/6972d5c2efb77d49be97b07ccf4fbc69/e9572fb8,['pfps'],Animated NFTs・NFT x DeFi・Revenue generating protocol,2021-12-26T18:05:51.159Z,True,False,https://lifinity.io/,https://twitter.com/Lifinity_io,https://discord.gg/K2tvfcXwWr,,,,,,,,,,,,
7,6217904a0590bfa5afb2debf,starbots_robot,[],Starbots Robot,https://dl.airtable.com/.attachments/3e3caf39f22c4db846eff28844718e49/04684b18/batch1.gif,['launchpad'],"Starbots is a BattleBots-inspired universe and the first-ever robot battle NFT game where players create fantasy robots to fight against other competitors, then collect NFT items and GEAR tokens.",2022-02-24T14:03:54.651Z,True,False,https://starbots.net/,https://twitter.com/Starbots_game,https://discord.gg/arCt64m2ms,"{'originLink': '', 'originName': ''}",False,,6000.0,2022-02-24T14:03:54.651Z,0.0,,,,,,
8,6217725c814536dcf7fe91d3,portals_citizen_cards,,Portals Citizen Cards,https://creator-hub-prod.s3.us-east-2.amazonaws.com/portals_citizen_cards_pfp_1645636841227.png,"['virtual_worlds', None]","Portals Citizen Cards grant you access to your own personal space in the metaverse, where you can hang out, display collectibles found in Portals Downtown, display your art, and more. Learn more about the different Citizen Cards in the Portals Discord.",2022-02-24T11:56:12.688Z,True,,https://theportal.to/,https://www.twitter.com/_portals_,https://www.discord.gg/portals,"{'originName': '', 'originLink': ''}",False,,5000.0,,,,,,,,
9,621e6856814536dcf73b0b41,magnum_ai,,Magnum AI,https://creator-hub-prod.s3.us-east-2.amazonaws.com/magnum_ai_pfp_1645145811367.png,"['pfps', 'games']","A technologically advanced NFT collection of 3888 retro cyborgs programmed to do one thing, kick some Solana Blockchain ass.",2022-03-01T18:39:18.081Z,True,,https://www.magnumai.io/coming_soon,https://www.twitter.com/_MagnumAI,https://www.discord.gg/magnumai,"{'originName': '', 'originLink': ''}",False,,3862.0,,,,,,,,
10,61f6da22d3898b80dc3a388e,robo_cocks,[],Robo Cocks,https://dl.airtable.com/.attachments/8a7ca7d521f3e5ef90ffc12b71d515ac/1852ca78/MERoboCockGIF.gif,"['art', 'pfps']","Robo Cocks is a collection of 3,838 Mecha-Roosters. Backed by a team of battle-hardened, real-world entrepreneurs, NFT collectors, artists, community builders; a project offering its art that shines both as a PFP, as well as a high-definition art piece to be showcased in your galleries. Returning ""NFTs"" back to its origins, which is art for arts sake, backed by crypto-enabled utility. The project aims at revolutionizing staking and breeding systems, as well as building together within its own community, the Cock Coop.",2022-02-22T19:45:24.575Z,True,False,,https://twitter.com/RoboCockNFT,https://discord.gg/robococknft,"{'originLink': '', 'originName': ''}",False,,0.0,,,,False,,,,
11,61bda255abff6174de871723,danger_valley_ducks,[],Danger Valley Ducks,https://dl.airtable.com/.attachments/10f5da72b55ab971a2e3471f0004851e/8b7e841f/duck_main_500.PNG,"['pfps', 'games']","7,777 uniquely generated Danger Valley Ducks on the Solana blockchain. They are a part of the Danger Valley gaming platform.",2021-12-18T08:56:53.231Z,True,False,https://dangervalley.com/,https://twitter.com/danger_valley,https://discord.gg/dangervalley,,,,0.0,,,,,,,,
12,61eb6953fda301e69c545813,balloonsville,['E595MwLgTJapMQjcnsQ4bARCVF2wBMxhWb8YPciyHKaz'],Balloonsville 2.0,https://dl.airtable.com/.attachmentThumbnails/61e29dd1f0a00558d97bb060c1f28d06/ffbd0db4,"['pfps', 'art', 'launchpad']",A community-driven NFT project that brings control back to holders on the #Solana Blockchain. This time for real! ,2022-01-22T02:17:55.085Z,True,False,,https://twitter.com/balloonsville_2,https://discord.gg/xv9cKxmZvz,"{'originLink': '', 'originName': ''}",False,,0.0,2022-02-05T18:20:59.853Z,,,False,,,,
13,61f9f8fbb98400339ffad546,the_fellowship,[],The Fellowship,https://dl.airtable.com/.attachments/ccee336a492ccd83c9ae05ba11f1ed19/777fb45d/d2GWxDzO_400x400.jpg,['pfps'],"The Fellowship is a community of creators, artists, developers, and Solana enthusiasts, who are building tools to positively impact the Solana NFT ecosystem.",2022-02-02T18:02:38.017Z,True,False,,https://twitter.com/FellowshipDAO,https://discord.gg/fellowshipdao,"{'originLink': '', 'originName': ''}",False,,0.0,,,,,,,,
14,61c41744b1fe9c0011bac126,space_runners,['EAJ6w757boibxSWX9rDy4sbWsqc1tqDc6gnbe8QAGhDd'],Space Runners,https://i.imgur.com/nMBgkj6.jpg,"['art', 'sports']","Space Runners is the first NFT Metaverse Fashion brand in collaboration with artists and brands, designing digitally wearable NFTs through Augmented Reality (AR) and plug-in's into the Metaverse as items. 

As the genesis batch, Space Runners teamed up with NBA Champions Kyle Kuzma and Nick Young to launch a 10K Sneaker NFT Collection. Owners of the NFTs become members of an exclusive RUNNERS club, where they can reap members-only benefits such as tickets to NBA basketball games, signed Kyle Kuzma & Nick Young merchandise, exclusive invites to NBA parties & pick up games, auto-whitelist for Space Runners’ next drop, and more.  

Visit www.spacerunners.com for more information.",2021-12-23T06:29:24.297Z,True,False,https://spacerunners.com/,https://twitter.com/spacerunnersnft,https://discord.gg/spacerunners,"{'originLink': '', 'originName': ''}",False,,,,,,False,,,,
15,621961f0814536dcf74f937c,monke_crew,,Monke Crew,https://creator-hub-prod.s3.us-east-2.amazonaws.com/monke_crew_pfp_1645587596402.jpeg,"['pfps', 'art']",A Crew Of 1212 Monkes roaming the Solana Blockchain,2022-02-25T23:10:40.815Z,True,,,https://www.twitter.com/MonkeCrew,https://www.discord.gg/monkecrew,"{'originName': '', 'originLink': ''}",False,,1212.0,,,,False,,,,
16,61f5bdeb82ea3e00104b3740,lux_real_estate,['AGDBeUaKReqE3DdtWq6J9TRAarScBRhGJ77cD82wLNvD'],LUX | Real Estate,https://dl.airtable.com/.attachmentThumbnails/c51e08ceb6a69b87c25a5c636b3ccbef/c194fec1,"['virtual_worlds', 'launchpad']","LUX is a Real Estate VR/PC/AR-based metaverse on Solana. We combine an immersive residential experience with elements of gaming, Play to Earn, Stay to Earn, social media, and digital events, all built on Virtual Reality and with Mobile/desktop users in mind.",2022-01-29T22:21:30.793Z,True,False,,,,"{'originLink': '', 'originName': ''}",False,,,2022-02-04T23:09:06.678Z,,,,,,,
17,61e37737bd85e7b14d4632be,888_anon_club,[],888 Anon Club™,https://dl.airtable.com/.attachments/9c259f9a77967a4e7c0f5f3509af7d9a/0655ca65/888_LOGO.gif,['pfps'],"The 888 Anon Club is a Decentralized Anonymous Organization designed to Govern, Guide and Implement Privacy and ZK protocols to Yami Finance.",2022-01-16T01:39:42.197Z,True,False,https://888anon.xyz,https://twitter.com/888anonclub,https://discord.gg/5uE3saA22D,"{'originLink': '', 'originName': ''}",False,,888.0,,,,,,,,
18,6216bdd8814536dcf74b4cfe,zilla_vs_kong,,Zilla vs Kong,https://creator-hub-prod.s3.us-east-2.amazonaws.com/zilla_vs_kong_pfp_1645596238161.png,"['virtual_worlds', 'art']","888 Zillas and Kongs battling each other ferociously in the Solana metaverse. Holders can take part in staking, breeding and our exclusive Snapshots metaverse world.",2022-02-23T23:06:00.541Z,True,,,https://www.twitter.com/ZillavKongNFT,https://www.discord.gg/snapshots,"{'originName': '', 'originLink': ''}",False,,888.0,,,,,,,,
19,61e310b53d56a50010ef3eab,the_remnants_,[],The Remnants,https://dl.airtable.com/.attachmentThumbnails/bd85825991467bdfcb8b17302d71e022/9908f8cd,"['pfps', 'games']",The Remnants is a collection of 4000 survivors living in Longwood Valley. Send your Remnants on Loot Trips through the Valley in search of loot. Upgrade your Camp to generate tokens and increase your power within Longwood.,2022-01-15T18:22:09.344Z,True,False,,https://twitter.com/RemnantsNFT,https://discord.com/invite/remnantsnft,,,,,,,,,,,,
20,6212ac4c849717e8ab355a19,ghostguys_metaforge,[],Ghost Guys | By Metaforge,https://cdn.discordapp.com/attachments/936098334404395038/944445218801987594/metaforge_discordlogo.gif,['launchpad'],"Ghost Guys are your pass into Metaforge, a Metaverse built on top of Minecraft!
stake, own land, join events, & more!",2022-02-20T21:02:04.336Z,True,False,https://www.metaforge.art/#Roadmap,https://twitter.com/Meta_Forge,https://discord.gg/metaforge,"{'originLink': '', 'originName': ''}",False,,1687.0,2022-02-20T21:02:04.336Z,0.0,,,,,,
21,615018443d226d6a3cfcf30f,thugbirdz,[],Thugbirdz,https://www.arweave.net/nGvadeW0UuvIgzZUyNKaQ-c8400CDQn1FwNthOJ_KUw?ext=png,['pfps'],"A collection of 3,333 uniquely generated, tough and collectible thugbirdz.",2021-09-26T06:50:44.695Z,True,False,,,,,,,3333.0,,,,,,,,
22,61dd7d2cbd85e7b14d16228b,solbouncer,"['527DRMShrs8cN8wkus7HvgPp2azmu1mxsV3wpnpic4Bw', 'Hrq6wmwfMjMLjSJmoFC2CnBi8bEnjieCrhnL5vpEbBqd']",SolBouncers,https://dl.airtable.com/.attachments/af39db7744222115cc6c09ffa9148cbc/1165e55d/ezgif.com-gif-maker.gif,['pfps'],SolBouncers are a rough and tumble band protecting the Parlay Casino,2022-01-11T16:20:38.260Z,True,False,,https://twitter.com/parlaynft,https://www.discord.gg/parlay,,,,0.0,,,,,,,,
23,621a8d87814536dcf73ced7f,zankoku,,Zankoku Cybogrez,https://creator-hub-prod.s3.us-east-2.amazonaws.com/zankoku_pfp_1645042537855.png,"['pfps', 'art']","1111 Cybogrez building on the blockchain 50% Royalties back into the LP.
- Staking
- Building
- Breeding",2022-02-26T20:28:55.109Z,True,,https://zankokuarena.io/,https://www.twitter.com/ZankokuLabz,https://www.discord.gg/zankoku,"{'originName': '', 'originLink': ''}",False,,1111.0,,,,,,,,
24,62157914bd4ec99e9dfbbe39,almost_famous_pandas,[],Almost Famous Pandas,https://dl.airtable.com/.attachmentThumbnails/f271bb023e33a6a0edfc0fdc8c65e37e/36a233b5,['launchpad'],"8888 illustrious Pandas, each bearing a unique mashup of 3D attributes inspired by iconic musicians, out of hibernation to shape the music industry's web3 future.",2022-02-23T00:00:20.996Z,True,False,https://afpnft.com,https://twitter.com/afpnft,https://discord.gg/afpnft,"{'originLink': '', 'originName': ''}",False,,8888.0,2022-02-23T00:00:20.996Z,0.0,,,,,,
25,6216941a814536dcf715ea70,iconicapeclub3d,,Iconic Ape Club 3D,https://creator-hub-prod.s3.us-east-2.amazonaws.com/iconicapeclub3d_pfp_1645327603787.png,"['pfps', 'virtual_worlds']",2999 unique NFTs rendered in 4k. Stake your Iconic Ape to earn $Icon and use it in the Apeverse.,2022-02-23T20:07:54.038Z,True,,iconicapeclub.com,https://www.twitter.com/IconicApeClub,https://www.discord.gg/9aZUrhvBwm,"{'originName': '', 'originLink': ''}",False,,2999.0,,,,,,,,
26,6206a9d9814536dcf76c1d3c,aldermages,[],Alder Mages,https://dl.airtable.com/.attachmentThumbnails/2db0b683d37a41053decadb6e4532b91/fe16d0c8,"['art', 'virtual_worlds']","The 1666 scholars attending Alder Academy each have a unique and distinct design, while also having three stages of evolution which change as they move up in the academy. Enjoy watching your scholar grow in their studies and try to become the most powerful mage in Spellia!",2022-02-11T18:24:26.494Z,True,False,https://aldermages.com/,https://twitter.com/AlderMages,https://discord.gg/alder,"{'originLink': '', 'originName': ''}",False,,1666.0,,,,,,,,
27,62375e54a05f178f17599447,mary_janes,['3rLdEiN83agggYbDcMwn2vnveRu89U1Gks9rqfCna4ZG'],Mary Janes,https://dl.airtable.com/.attachmentThumbnails/51e924b13164838cf3b9af5d0e406177/f9c83c32,['launchpad'],Mary Janes are the female counterpart of Best Buds and will activate staking and breeding capabilities. The community can now passively grow their collection!,2022-03-20T17:03:16.074Z,True,False,https://bestbudsnft.io,https://twitter.com/maryjanenfts,https://discord.gg/looksrarestudio,"{'originLink': '', 'originName': ''}",False,,4200.0,2022-03-20T17:03:16.074Z,0.0,,,"{'showHowrare': True, 'showMoonrank': True}",,,
28,6238cad747a586b15201a8e2,bongheads,,BongHeads,https://creator-hub-prod.s3.us-east-2.amazonaws.com/bongheads_pfp_1646184563972.png,"['pfps', 'art']",2420 BongHeads earning revenue share from our casino games. Holders will be shipped free merch and will earn a percentage of all real-world utilities. 100% of royalties back into the development of the project.,2022-03-21T18:58:31.688Z,True,,,https://www.twitter.com/BongHeadsNFT,https://www.discord.gg/gZsCszbENs,"{'originName': '', 'originLink': ''}",False,,2420.0,,,,,,,,
29,61f3869944c79e001191cc39,best_buds,['8vqBa53noFwhPUxzfJetAneWpxZEnQUbrNdBwnQB55dX'],Best Buds,https://dl.airtable.com/.attachmentThumbnails/c8fc412589cc5a693911c8a42606b6b4/e650bbb9,"['pfps', 'art', 'launchpad']","This is an exciting and new way to position cannabis culture in the NFT space. When you join the Best Bud crew you will get an awesome collectible one-of-one piece of art, join an awesome community, and more!",2022-01-28T06:00:56.940Z,True,False,https://bestbudsnft.io/,https://twitter.com/BestBudsNFTs,https://discord.gg/looksrarestudio,"{'originLink': '', 'originName': ''}",False,,,2022-01-28T21:55:07.279Z,,,False,,,,
30,623378a5d95bb39a4535c8f4,doge_track,['SCL4YPcMCXbWHGPvYxR1e2c7UMFJEZNz88Wr3U8Etj6'],Doge Track: Genesis Doges,https://cdn.discordapp.com/attachments/950886269217558548/955503096245669898/small.gif,['launchpad'],"3D doge racing on the Solana blockchain! The first of it’s kind P2E racing game with a metaverse of different Track NFTs and a stable of Doge NFTs. Earn $DTRK from staking and racing your Doges in order to breed, train, and swag them out. Genesis Doges will also act as exclusive access to our limited supply Track NFT mint. ",2022-03-17T18:06:29.163Z,True,False,https://dogetrack.io,https://twitter.com/theDogeTrack,https://discord.gg/dogetrack,"{'originLink': '', 'originName': ''}",False,,6000.0,2022-03-17T18:06:29.163Z,0.0,,,"{'showHowrare': True, 'showMoonrank': True}",,,
31,62321fe4f30b34001123d4ea,metaops,[],MetaOps,https://pbs.twimg.com/profile_images/1476706468967632908/ObioTnlD_400x400.jpg,"['games', 'pfps']",A First Person Shooter striving to maximize gamers playing experience by giving our players ownership of all of their digital assets earned in game.,2022-03-16T17:35:31.520Z,True,False,,https://twitter.com/MetaOpsGaming,https://discord.gg/nJt3tce873,,,,,,,,,,,,
32,623542dd47a586b152d2f829,cynova_legacy,['EjoUnC6RbJmvuqxY6m5erirnxNqQqMndJYxJ4BBwbcef'],Cynova Legacy,https://creator-hub-prod.s3.us-east-2.amazonaws.com/cynova_legacy_pfp_1647869046312.gif,"['art', 'virtual_worlds']","Welcome to the Cynoverse. Cynova are a community-focused web 3 incubator, marketplace and metaverse brand on the Solana blockchain. The Cynova Legacy is a collection of 5,012 hand drawn NFT’s. Holders are rewarded with passive income, air drops, NovaDAO access and more.",2022-03-19T02:41:33.700Z,True,False,https://cynova.io,https://www.twitter.com/The_Cynova,https://www.discord.gg/CzgTdhGQTf,"{'originName': '', 'originLink': ''}",False,,0.0,,,,,"{'showHowrare': True, 'showMoonrank': True}",,,
33,619b2825105a3600123a5796,taiyo_robotics,['AsbhrsY4posEBmZ8vyAooKtpvyJoWQWTqsSnnZpDmChn'],Taiyo Robotics,https://dl.airtable.com/.attachmentThumbnails/72a25e9d4d6f89582ebddb4e17aad0e6/bd10fa1b,['pfps'],"Taiyo Robotics are 2,121 Robots that have been manufactured on the Solana blockchain. They have been created to protect the world against giant monsters that have plagued earth.",2021-11-22T05:18:29.730Z,True,False,https://taiyorobotics.com/,https://twitter.com/TaiyoRobotics,https://discord.gg/Xr5HTjnA,,,,,,,,,,,,
34,61e44fc0bd85e7b14d38cb1d,sea_shanties,[],Sea Shanties,https://dl.airtable.com/.attachments/a3f250a22a37ba35b1776db5966c49c0/41e970f1/Shanties.jpg,"['art', 'virtual_worlds']","Sea Shanties is a collection of 3,333 gamified NFTs with a membership into DeFi style reward yielding gains. Stake Shanties and earn Triton($TRTN) and LP your tokens in the Poseidon Tide Pool",2022-01-19T23:35:47.270Z,True,False,,https://twitter.com/seashantiessol?s=21,https://discord.gg/8bCRXhqXpF,,,,0.0,,,,,,,,
35,6171e5f9ed491e00102d1048,lotus_gang_nft,[],Lotus Gang NFT,https://dl.airtable.com/.attachmentThumbnails/5183df07a5b80ad546e765748575bed2/b2fe7fd0,['pfps'],"Lotus Gang is a collection of 4,000 randomly generated Lads and Ladies on the Solana Blockchain.",2021-10-21T22:11:59.020Z,True,False,https://lotusgang.com/,https://twitter.com/LotusGangNFT,https://discord.gg/lotusgang,"{'originLink': '', 'originName': ''}",False,,,,,,,,,,
36,621bcc86814536dcf74c968b,spp,,Solana Puppy Pound,https://creator-hub-prod.s3.us-east-2.amazonaws.com/spp_pfp_1645549185578.png,"['games', 'pfps']","4,444 Solana Blockchain Puppies ready to be staked and fight for $TREATS dominance. SPP is the Solana Blockchains first Risky Protocol staking game, different breeds and scenarios give different token yields.",2022-02-27T19:09:58.838Z,True,,http://www.solanapuppypoundnft.com/,https://www.twitter.com/solpuppypound,https://www.discord.gg/solpuppypound,"{'originName': '', 'originLink': ''}",False,,4444.0,,,,,,,,
37,62394bbc629c67001079979d,defiland_gen0,"['Ajp7uzkyPUU35pGdkjZd9Gbe4zgDQXterWY8ZzvP4sCk', '3XE8DuYzqZLKr1XqXrvADRTxXWL91KuakqsKfD3cYoLP', '4exgPiVhpromTi8duBsMnscoodAjU1as13s1AXZGsGHP', '8m4TTZz3RsDVakDSwn7T89GyButxLiMqn2zq7DWfANu7', '5B9AwfGpR5GRYTipUrFuvishUmPA86R5E1JcGodEsPq1', 'CDNsHymcJadDkoXxzhpDe2i6723ezm15QZqkEP91uXij', '8UCcoezxS7sWxZL71H1aobhTsoWbyzKeFibykcEjnree', '3eYyhpeZD2V8iGAdAM8qDPVAgvy7LqbdQBbybnpKgvCu', 'Gk8mH3mPqZuEiQRLqzEcGRVqWVeZ7cjKnbGbpb5z9x1H', 'DhHpYwT9oy75BB8XXb8Fz6HBLxktwqc1yhUPvcCg5GPB', 'CXDvGCdJjr7pT6hPuouT1aQBYw7soWWCRoV7h3YvAYjW', 'FF1uGW7AUvUBskvWNqda1ehFX1jCkvaUk6FRcbWUEaBw']",DeFi Land Gen-0 NFTs,https://dl.airtable.com/.attachmentThumbnails/5271f9b445b46481ade8b84d856a3d88/3cd0fa17,['games'],"DeFi Land Utility NFTs - 8 different types of Utility NFTs to play and earn in DeFi Land Metaverse. Fish, shoot, farm, craft, trade and more to experience the crypto at it's best.",2022-03-22T04:08:27.307Z,True,False,https://linktr.ee/defiland,https://twitter.com/DeFi_Land,https://discord.gg/defiland,"{'originLink': '', 'originName': ''}",False,,,,,,,"{'showHowrare': True, 'showMoonrank': True}",,,
38,618338d769388b0011ca1680,shadowy_super_coder_dao,['71ghWqucipW661X4ht61qvmc3xKQGMBGZxwSDmZrYQmf'],Shadowy Super Coder DAO,https://i.imgur.com/Hqc29kA.jpg,['pfps'],Shadowy Super Coder DAO,2021-11-04T01:35:19.644Z,True,False,https://genesysgo.com/,https://twitter.com/GenesysGo,https://discord.gg/genesysgo,,,,,,,,,,,,
39,620d8e0f8b549900110ffa56,solana_hodl_whales,[],Male HODL Whales,https://dl.airtable.com/.attachmentThumbnails/66520a066193af619411a5747a6c605a/24465ead,"['pfps', 'art']","The HODL Whales are a collection of 3,000 unique whales that are fleeing Earth in the year 6969 trying to avoid extinction. They're on a search for their power source $KRILL that will be essential to sustaining their lives, their companions, and eventually their babies. Our model: breed, stake, earn. ",2022-02-23T07:56:14.204Z,True,False,https://solanahodlwhales.io/,https://twitter.com/SolanaWhalesNFT,https://discord.com/invite/solanahodlwhales,"{'originLink': '', 'originName': ''}",False,,,,,,,"{'showHowrare': True, 'showMoonrank': True}",,,
40,622d4661fd735100112a7ee0,visionary_studios,['6oNpLuaME2HbAgUK4aPvLoPof5VnUXxJPL1eGa6zAKk8'],Visionary Studios,https://dl.airtable.com/.attachmentThumbnails/ebb9d5b86992819aea45c2dcd859c8aa/1e0e4869,['art'],.,2022-03-13T01:18:24.664Z,True,False,https://www.visionarystudios.io/,https://twitter.com/solanavisionary,,"{'originLink': '', 'originName': ''}",False,,,,,,,,,,
41,61a1f729248b6c00101a011e,monkey_kingdom,[],Monkey Kingdom,https://dl.airtable.com/.attachmentThumbnails/b87d6618fb82de28602737938d509678/6f41900c,['pfps'],"The Monkey Kingdom is a collection of 2,222 uniquely generated 32x32 pixels NFTs on the Solana Blockchain. Daily $PEACH token airdrop, staking, breeding, metaverse development and real world exclusive meet-ups and merch collabs.",2021-11-27T09:15:21.349Z,True,False,https://monkeykingdom.io/,https://twitter.com/monkeykingdom_,https://discord.com/invite/mpenf8PMm3,"{'originLink': '', 'originName': ''}",False,,,,,,False,"{'showHowrare': False, 'showMoonrank': False}",,,
42,61d598054bed7a7f48f94b76,quantum_traders,[],Quantum Traders,https://dl.airtable.com/.attachments/c1bbf7661f0d40935bf8dfbe50b340cc/e0cad0b5/ItzsH50B_400x400.jpeg,['pfps'],An alien droid race unbound by time. Brought to life by Yawww to defend our world from scammers and to stabilize our economy with $YAW.,2022-01-05T14:28:24.685Z,True,False,,https://twitter.com/QuantumTraders_,https://discord.gg/yawwwnft,"{'originLink': '', 'originName': ''}",False,,0.0,,,,,"{'showHowrare': False, 'showMoonrank': False}",,,
43,622ee83147a586b152caf7c9,female_hodl_whales,,Female HODL Whales,https://dl.airtable.com/.attachmentThumbnails/7b42f6b117ff33d2bfefd84e3859f3b5/1ffb4571,"['pfps', None]","The Female HODL Whales are a collection of 1,500 unique female whales that are fleeing Earth in the year 6969 trying to avoid extinction. They're on a search for their power source $KRILL that will be essential to sustaining their lives, their companions, and eventually their babies. Our model: breed, stake, earn.",2022-03-14T07:01:05.212Z,True,False,https://solanahodlwhales.io/,https://www.twitter.com/SolanaWhalesNFT,https://www.discord.gg/solanahodlwhales,"{'originName': '', 'originLink': ''}",False,,1500.0,,,,,"{'showHowrare': True, 'showMoonrank': True}",,,
44,622164cefc8e0e0e810fe911,6rings,['GbZajB8oAVn2CX7ebriVYqaCsdcwSpqDCtNcgC6LGn9P'],6 RINGS,https://dl.airtable.com/.attachments/5f065dee60f4bdd7f5020d374ef55f5a/b0029e5b/13v6DArs.gif,['launchpad'],"An homage to the 6 championships of an iconic career, 6 RINGS is a collection of 5005 NFTs on the Solana blockchain that grant its collectors early access to experiences on the HEIR app, along with other exclusive prizes, drops and utility. Become a founding member of HEIR by holding a 6 RINGS NFT.",2022-03-04T01:01:02.835Z,True,False,https://heir.app,https://twitter.com/Heir_Company,https://discord.gg/heir,"{'originLink': '', 'originName': ''}",False,,5005.0,2022-03-04T01:01:02.835Z,0.0,,,"{'showHowrare': False, 'showMoonrank': False}",,,
45,6205f46e10ea7b0011f80cbd,generous_robots_dao,['FRCSh18nmJ47Yx3ueiMMygNE5hsuUKfZzfQ8MPE8AUQ2'],Generous Robots DAO,https://dl.airtable.com/.attachmentThumbnails/4969303980ff319c1caf845e0e7efc7e/dff552de,['pfps'],5555 randomly generated robots on Solana. Each Generous Robot gives you exclusive access to the GR DAO.,2022-02-11T22:12:35.400Z,True,False,https://generousrobots.com,https://twitter.com/generousrobots,https://discord.gg/generousrobots,"{'originLink': '', 'originName': ''}",False,,,,,,False,,,,
46,622a61c64b507310a117f4f4,aiternate_holotabs,['CGzNTKWrujUodyuENaa2AGbgL8A3uxQMLdaF44wDnLpB'],Aiternate - Holotabs,https://dl.airtable.com/.attachments/9bae77bb85c606a82c177d2b60a4f56d/954a88f4/ezgif-2-eb5bcb28e5.gif,['launchpad'],"Aiternate is a web-based metaverse platform based in a spaceship. 
""The Holotabs"" will provide holders access to a private and fully customizable room aboard this spaceship.
Discover the most original and powerful metaverse platform on Solana.",2022-03-10T20:38:30.374Z,True,False,https://aiternate.com/,https://twitter.com/AiternateNFT,https://discord.gg/aiternate,"{'originLink': '', 'originName': ''}",False,,6660.0,2022-03-10T20:38:30.374Z,0.0,,,,,,
47,61cd9333abff6174de8ec316,mindfolk,[],Mindfolk,https://dl.airtable.com/.attachments/c35a37c89390f7b1241f96e27353367d/12a09ba5/pfp.gif,['pfps'],"There’s magic in their pipes, and more ideas in their minds! Some say it’s from the wood found in the forests of the lush Peninsula, upon which their Schooners wrecked. Having left their over-populated lands in search of greener shores, the 777 hatted individuals known as the Mindfolk have set-out to introduce new architectural structures within their environment.",2021-12-30T11:08:35.934Z,True,False,,https://twitter.com/mindfolkART,https://discord.com/invite/zsMxCZxYKw,"{'originLink': '', 'originName': ''}",False,,0.0,,,,False,,,,
48,6230a10aa306750012683b5a,psyker,['8AkWaZh92FwkdPmqbR58FpTkpZjrCrRK648UWu6Kuz8'],Psyker,https://dl.airtable.com/.attachmentThumbnails/76e80e40f81b4fae56076089636ff287/e1145b23,['games'],"Psyker is an innovative and action-packed fighting game with multi-layered combat mechanics with power-ups, item attributes, and Psyker Mode. Step into an ever-evolving game universe called the Psykerverse.",2022-03-16T18:24:16.895Z,True,False,https://psyker.game/,https://twitter.com/psykergame,https://discord.com/invite/psykergame,"{'originLink': '', 'originName': ''}",False,gif,,,,,,"{'showHowrare': True, 'showMoonrank': True}",,,
49,61e20147fd5137001097cedb,degods,['8RMqBV79p8sb51nMaKMWR94XKjUvD2kuUSAkpEJTmxyx'],DeGods,https://i.imgur.com/fO3tI1t.png,"['pfps', 'art']","A collection of degenerates, punks, and misfits. Gods of the metaverse & masters of our own universe. DeGods can be converted to DeadGods with DUST.",2022-01-14T23:03:33.857Z,True,False,https://degods.com/,https://twitter.com/degodsnft,https://discord.com/invite/dedao,"{'originLink': '', 'originName': ''}",False,,,2022-04-03T14:43:44.968Z,,,,"{'showHowrare': False, 'showMoonrank': False}",913.0,,
50,6246502ebea360023dff501d,tombstoned,['AuNTyMQuzn7P6EJ9TSsdHudMfnuN2ybAgJtwMzxaHJYs'],TombStoned High Society,https://creator-hub-prod.s3.us-east-2.amazonaws.com/tombstoned_pfp_1645169267186.gif,"['pfps', 'art']","6,666 Stoned Skeletons rising into the metaverse in search of $JOINTS, Buds, and their #SOL",2022-04-01T01:06:54.283Z,True,False,https://www.tombstoned.xyz/,https://www.twitter.com/TombStonedHS,https://www.discord.gg/catacombs,"{'originName': '', 'originLink': ''}",False,,0.0,2022-04-03T14:43:24.553Z,,,False,"{'showMoonrank': True, 'showHowrare': True}",1517.0,,
51,622a544a47a586b152f3f899,cets_on_creck,,CETS ON CRECK,https://creator-hub-prod.s3.us-east-2.amazonaws.com/cats_on_crack_pfp_1644850873089.png,"['pfps', 'art']","It’s just a bunch of crecked cets, who’re upto a whole of rat shit that are livin’, and chillin’ and vibin’ together. They’re  picking bullshit catfights, posting their own mugshots, cat calling the cops and stirring whatever they can to keep the high going.",2022-03-10T19:40:57.935Z,True,False,https://cetsoncreck.com/,https://www.twitter.com/CetsOnCreck,https://discord.gg/nY43gd7gMD,"{'originName': '', 'originLink': ''}",False,,6969.0,2022-04-03T13:54:51.873Z,,,False,"{'showHowrare': True, 'showMoonrank': True}",1314.0,,
52,6157c7783d226d6a3c9d2498,degenerate_ape_academy,[],Degenerate Ape Academy,https://i.imgur.com/QRUzR7g.png,['pfps'],"Our mission here at the academy is simple: Take 10,000 of the smoothest brained apes, put them all in one location and let the mayhem ensue. The academy was founded on the principles of friendship making, crayon eating and absolute, unregulated, deplorable, degenerate behaviour. Welcome fellow apes, to the Degenerate Ape Academy.",2021-10-02T02:44:08.852Z,True,False,https://www.degenape.academy/,https://twitter.com/DegenApeAcademy,https://discord.gg/degenapeacademy,"{'originLink': '', 'originName': ''}",False,,10009.0,2022-04-01T21:57:57.899Z,,,False,"{'showHowrare': True, 'showMoonrank': True}",375.0,DSwfRF1jhhu6HpSuzaig1G19kzP73PfLZBPLofkw6fLD,
53,6202a9897f066e00122ac6a0,citizens_by_solsteads,[],Citizens by Solsteads,https://dl.airtable.com/.attachmentThumbnails/17098df55330304080e6ec85174ce2be/9b0790be,"['art', 'pfps']","The Citizens are an expansion of the Solsteads world. Citizens can be admitted to stay as guests in Solsteads, getting access to the classic beautiful, shareable gallery experience.",2022-02-08T17:34:01.654Z,True,False,https://citizens.solsteads.com/,https://twitter.com/SolsteadsNFT,https://discord.gg/gcfEuWC5wT,,,,,2022-04-03T13:24:15.173Z,,,,,1182.0,,
54,623f8cddbea360023dad975f,zoom,['Ehn81nZL7QFC6vkzNnKYo8X8SwLS9AHHov45i64WEmoE'],Zaysan Raptors,https://dl.airtable.com/.attachments/6c7de782db16ae4510b083625fa3a175/6bbf41a7/zoom.gif,"['pfps', None]","An exclusive collection of 1,555 Zaptors powered by $ELIXIR",2022-03-26T21:59:57.751Z,True,False,https://www.zaysanraptors.io,https://www.twitter.com/ZaysanRaptors,https://www.discord.gg/RUcXFgvM,"{'originName': '', 'originLink': ''}",False,gif,1.0,2022-04-03T13:41:13.898Z,,,False,"{'showHowrare': True, 'showMoonrank': True}",288.0,,
55,6229433d765e65573c7f97a3,astrals,,ASTRALS,https://creator-hub-prod.s3.us-east-2.amazonaws.com/astrals_pfp_1646849478508.png,"['pfps', 'games']","10,000 unique 3d avatars, 200 traits, 16 races, 3500 PX renders with masterfully crafted lore. Astrals is a community-driven project with aspirations of galactic proportions featuring the incredible character design art of Damien Guimoneau. Each Astral is your gateway to our Galaxy DAO and to stake to mine $GLXY - our governance token. Our goal as a community will be to bridge the gap between Solana and the Universe.",2022-03-10T00:15:57.032Z,True,,https://astralsnft.io/,https://www.twitter.com/Astrals_NFT,https://www.discord.gg/astralsnft,"{'originName': '', 'originLink': ''}",False,,10000.0,2022-04-03T14:37:16.880Z,,,,,852.0,,
56,61f337c7ee72e80010278b68,degenerate_ape_kindergarten,[],Degenerate Ape Kindergarten,https://i.imgur.com/aM53OYu.png,"['pfps', 'games']","What happened in the bathroom, stays in the bathroom… except these abominations. Don't shake them too hard.",2022-01-28T00:24:38.289Z,True,False,https://t.co/Nghau4UZ0G,https://twitter.com/DegenApeAcademy,https://discord.gg/degenapeacademy,"{'originLink': '', 'originName': ''}",False,,,2022-04-03T12:29:39.677Z,,,,"{'showHowrare': True, 'showMoonrank': True}",139.0,,
57,624529b2bea360023d7ba55f,akari,,Akari,https://creator-hub-prod.s3.us-east-2.amazonaws.com/akari_pfp_1648698476042.png,"['pfps', 'art']",Akari is a collection of 2222 Delinquents living on the Solana Blockchain. Stake to earn $GLOW and test your luck on missions to The Shrine. Art by an inhouse Japanese artist. Are you ready to join us on the streets of Light City?,2022-03-31T04:10:26.417Z,True,False,https://akarilabs.io/,https://www.twitter.com/AkariLabs,https://www.discord.gg/akarilabs,"{'originName': '', 'originLink': ''}",False,,2222.0,2022-04-03T14:15:43.032Z,,,False,"{'showHowrare': True, 'showMoonrank': True}",555.0,,
58,619a42d2aa12d5001006530d,degenerate_trash_pandas,"['CLErvyrMpi66RAxNV2wveSi25NxHb8G383MSVuGDgZzp', 'C9uGSpNQ7PSCT5zr7ULBm8VjaXQ2oHvJtr836fqD1A9N', 'HHGsTSzwPpYMYDGgUqssgAsMZMsYbshgrhMge8Ypgsjx']",Degenerate Trash Pandas,https://dl.airtable.com/.attachmentThumbnails/3c4fcde4c8ce6dbea98feca031f86a7e/54075bc7,['pfps'],"Inhabiting their own underworld society, the Degenerate Trash Pandas are governed by no individuals and live by no rules. What they have is their trash, and their trash is their treasure. They’ll do whatever they can to get their dirty little paws on it.",2021-11-21T13:00:01.384Z,True,False,https://degentrashpandas.com,https://twitter.com/DegenTrashPanda,https://discord.gg/degentrashpandas,,,,,2022-04-03T14:43:36.601Z,,,,,554.0,,
59,62336f5547a586b152bd7c55,project_tenjin,,Project Tenjin,https://creator-hub-prod.s3.us-east-2.amazonaws.com/project_tenjin_pfp_1647423918553.png,"['pfps', 'virtual_worlds']","7,500 Tenjin Avatars by AVTR Studios, Tokyo Only Dream 天神村. Enter the Tenjin Metaverse.",2022-03-17T17:26:45.485Z,True,False,https://www.projecttenjin.io,https://www.twitter.com/tenjin3dnft,https://discord.com/invite/bullempirenft,"{'originName': '', 'originLink': ''}",False,,7500.0,2022-04-03T14:19:28.622Z,,,False,"{'showHowrare': True, 'showMoonrank': True}",748.0,,True
60,61a14d2287a7c10011aa4881,portals,['5grvMeoBqv5ZdHq9JMy5RrxLPNAt1nzc9cpqYWFUwizz'],Portals,https://dl.airtable.com/.attachmentThumbnails/102af36cc30fec0b05ebb45406f20971/126d0320,['virtual_worlds'],"The Metaverse on Solana. Explore downtown, invite friends, chat, build, show off your NFTs — right in the browser. ",2021-11-26T21:09:53.368Z,True,False,https://theportal.to/,https://twitter.com/_portals_,https://discord.gg/9uMBaCPW3f ,"{'originLink': '', 'originName': ''}",False,,,2022-04-03T13:50:44.711Z,,,False,"{'showHowrare': False, 'showMoonrank': False}",246.0,,
61,6154c07e3d226d6a3c178c16,galactic_geckos,[],GGSG: Galactic Geckos,https://i.imgur.com/PfaeoXm.png,['pfps'],"In the far distant future, war is over, and conflicts are decided by hiring gecko mercenaries to participate in brutal galactic races. Join one of four factions of gecko racers, fighting for the fate of the cosmos.",2021-09-29T19:37:34.912Z,True,False,https://galacticgeckos.com,https://twitter.com/GalacticGeckoSG,https://discord.gg/TheGeckoDAO,"{'originLink': '', 'originName': ''}",False,,0.0,2022-04-03T13:20:54.894Z,,,False,"{'showHowrare': False, 'showMoonrank': False}",319.0,,
62,623ccf25efc0d2933f024aa2,blocksmith_labs,['8m2b8ar9BNZErJQgSBwY3eCe73yR4k9qHUxxGffxyw2d'],Blocksmith Labs,https://dl.airtable.com/.attachmentThumbnails/b1aabaad68ef1a7512de6a0ddd15f38d/47c53a89,['launchpad'],"Blocksmith Labs is a team of experienced engineers aiming to solve real problems on Solana, whilst providing utility to our holders. We are building a community of builders.",2022-03-24T20:05:57.110Z,True,False,https://www.blocksmithlabs.com/,https://twitter.com/blocksmithlabs,https://discord.gg/blocksmithlabs,"{'originLink': '', 'originName': ''}",False,,4444.0,2022-04-03T14:31:07.390Z,0.0,,,"{'showHowrare': True, 'showMoonrank': False}",862.0,,
63,6155e1a93d226d6a3c5c76f3,solsteads_surreal_estate,[],Solsteads Surreal Estate,https://www.arweave.net/WKfr0c79-4ExF_lEBkl4eQlqnPXrNWIj5W7CppmJZw4?ext=png,"['art', 'virtual_worlds']","The first surreal estate collection on Solana. A beautiful, shareable home for your NFTs.",2021-09-30T16:11:21.012Z,True,False,,,,,,,0.0,2022-04-03T09:44:40.125Z,,,,,139.0,,
64,6155faa73d226d6a3ca19250,famous_fox_federation,[],Famous Fox Federation,https://ipfs.io/ipfs/Qmetu9eyf7jxE9cNV9MYMWborQBGHqurt1MvD2LjwDcumy,['pfps'],"The Famous Fox Federation, an independent organization of the most fabulously famous foxes on the Blockchain. ",2021-09-30T17:57:59.644Z,True,False,https://famousfoxes.com,https://twitter.com/famousfoxfed,https://discord.gg/famousfoxes,"{'originLink': '', 'originName': ''}",False,,0.0,2022-04-03T13:43:32.578Z,,,,"{'showHowrare': True, 'showMoonrank': False}",622.0,,
65,622a22f847a586b152af5432,atadians,,OG Atadians,https://creator-hub-prod.s3.us-east-2.amazonaws.com/atadians_pfp_1646721263627.gif,"['pfps', 'art']",5000 OG Atadians building a collective analytics business for Web3 together through the power of data science & crowd-sourced knowledge. 50% of $ATA are allocated to holders. Our initial focus is building a Trust and Credit Scoring Engine from raw blockchain data.,2022-03-10T16:10:32.172Z,True,,https://atadia.io,https://www.twitter.com/atadia_io,https://www.discord.gg/zJpUKPF62f,"{'originName': '', 'originLink': ''}",False,,5000.0,2022-04-03T12:53:50.683Z,,,,,650.0,,
66,61bcc4c07db1ef00125fa4bf,the_catalina_whale_mixer,[],The Catalina Whale Mixer,https://i.imgur.com/o9G2ly8.png,['pfps'],"The most exclusive gathering of Whales in the Western Hemisphere since 1997. This lifestyle is a choice…and we choose you. Catalina Whales are a special breed…they're aggressive, passionate, a touch degenerate, with a lust for success. This is why we met. To form this alliance. Everybody wants to go to the moon but nobody is exploring the ocean. WAGMI.",2021-12-17T17:11:27.111Z,True,False,https://www.catalinawhalemixer.com/,https://twitter.com/catalinawhales,https://discord.gg/qgwspKc7DA,"{'originLink': '', 'originName': ''}",False,,,2022-04-03T09:15:08.355Z,,,,,223.0,,
67,62294387765e65573c930af1,drippies,[],Drippies™️,https://creator-hub-prod.s3.us-east-2.amazonaws.com/drippies_pfp_1648415706808.gif,"['art', None]",5555 vibey creatures from the Drippieverse™,2022-03-10T00:17:11.466Z,True,False,https://www.drippies.space/,https://www.twitter.com/drippieverse,https://www.discord.gg/drippieverse,"{'originName': '', 'originLink': ''}",False,,5555.0,2022-04-03T14:18:48.386Z,,,,,827.0,,
68,62472271bea360023d53c062,degens,,DeGens,https://creator-hub-prod.s3.us-east-2.amazonaws.com/degens_pfp_1648828407672.gif,"['pfps', None]","Same as DeGods... just not as good.. for now. Weekly raffles, community building, continued onboarding of ideas and development.",2022-04-01T16:04:01.084Z,True,,https://degensol.com,https://www.twitter.com/DeGens_SOL,https://www.discord.gg/xNusjcbkHs,"{'originName': 'DeGods', 'originLink': 'https://magiceden.io/marketplace/degods'}",True,,3333.0,2022-04-03T14:29:23.191Z,,,False,,565.0,,
69,62410b6abea360023d361f8e,mongomons,,Mongomons,https://creator-hub-prod.s3.us-east-2.amazonaws.com/mongomons_pfp_1648516352820.gif,"['pfps', 'art']","Mongomons is a collection of exceptionally detailed creatures. Their origin is so secret, that even Mongomons forgot where they come from. It is said that their land is an oasis filled with various forms of life. At a first glance, they seem like cute and intelligent creatures, and in fact, they are! You thought we would say the opposite, didn't you?",2022-03-28T01:12:10.632Z,True,,https://mongomons.com/,https://www.twitter.com/Mongomonsol,https://www.discord.gg/FxHGTPfptr,"{'originName': '', 'originLink': ''}",False,gif,10000.0,2022-04-03T14:15:27.948Z,,,,,956.0,,
70,62191a6d0eb8fd001259d702,bohemia_,[],Bohemia,https://creator-hub-prod.s3.us-east-2.amazonaws.com/bohemia_pfp_1645251493690.gif,"['pfps', 'art']","Bohemia is Solana's interactive NFT Art Fair that 5000 Bohemians call home. The project combines a unique 3D environment gallery concept with stunning art, tokenomics, staking and multiple burning mechanics. Bohemia comes with the full package.",2022-02-25T18:05:32.466Z,True,False,https://www.bohemia.gallery/,https://twitter.com/BohemiaArtFair,https://discord.gg/bohemia,"{'originLink': '', 'originName': ''}",False,,,2022-04-03T12:53:34.535Z,,,,,663.0,,
71,620b3e0ce3d17f00125ecfdf,honey_genesis_bee,['6vRx1iVZo3xfrBHdpvuwArL2jucVj9j9nLpd2VUTTGMG'],Honey Genesis Bee,https://dl.airtable.com/.attachmentThumbnails/6b6c8954aed777a74de52fd70f8751ab/46b325db,"['pfps', 'art']","Owning a HoneyDefi bee will let let you tap in to protocol revenue, coming directly from our lending and borrowing utilization fees. ",2022-02-17T16:09:52.310Z,True,False,,https://twitter.com/honeydefi,https://t.co/ztKSQzwWky,"{'originLink': '', 'originName': ''}",False,,,2022-04-03T14:43:28.364Z,,,False,,541.0,,
72,61c08db180e1460011feda53,dazedducks_metagalactic_club,[],DazedDucks Metagalactic Club,https://dl.airtable.com/.attachmentThumbnails/578c551463d21eced3fd437b24484a72/b004a6ea,['pfps'],"DazedDucks Metagalactic Club is a collection of 10,000 hand-drawn, algorithmically generated NFTs granting exclusive access to a HODL-To-Earn DAO.",2021-12-20T14:05:35.961Z,True,False,https://dazedducks.com/,https://twitter.com/DazedDucks,https://discord.gg/dazedducks,"{'originLink': '', 'originName': ''}",False,gif,,2022-04-03T14:35:00.047Z,,,False,"{'showHowrare': True, 'showMoonrank': True}",673.0,,
73,617b38a33368fe00112819a1,solgods,['ALNcW6QDNf7H4iNiTM3FD16LZ4zMGyEeCYQiE1AbCoXk'],SOLgods ,https://i.imgur.com/UclQYJVh.jpg,"['pfps', 'art']",Inspired by metaphysical artist Giorgio de Chirico. The Gods are the legacy 6666 collection within 'The Fracture'. A Brand Born in Blockchain.,2021-10-28T23:56:20.247Z,True,False,https://thefracture.art,https://twitter.com/SOLgods_,https://discord.gg/solgods,"{'originLink': '', 'originName': ''}",False,,,2022-04-03T12:54:16.735Z,,,,"{'showHowrare': True, 'showMoonrank': False}",435.0,,
74,61a3e60b58790000113890ee,stoned_ape_crew,[],Stoned Ape Crew,https://dl.airtable.com/.attachmentThumbnails/483970a827af847e0b031c7d90d70baf/6cc644f1,['pfps'],"4200 Stoned Apes Form The Genesis Collection In The Crew With 4 Roles, Allowing Staking For Daily Rewards Of Our Utility Token $PUFF, An NFT Evolution Process With Token Burning Mechanics And More Dope Real-World Utility. More Than Just Your Typical PFP Project.",2021-11-28T20:26:48.782Z,True,False,https://stonedapecrew.com,https://twitter.com/StonedApeCrew,https://discord.gg/stonedapecrew,"{'originLink': '', 'originName': ''}",False,,,2022-04-03T13:21:06.589Z,,,False,"{'showHowrare': False, 'showMoonrank': False}",372.0,,
75,61ae5757333db40011184e8f,solana_money_boys,"['42eNtgbrbYhQwu7gDtZ1TExj3fyLSh868eaBg9eKPfHQ', '6XGE4uBTcZCUuRo8X5W9sN4gXq93vGZbKGWEZtMQKGxy', '8aM3QrhMaShisqZAkjY3TiwbLbePA3VWRbaApJgJACK6', '6VrHf4xmhQUMYQtFEUUo6ftUp8soqa81auAuzDhLTtNL']",Solana Money Boys,https://dl.airtable.com/.attachmentThumbnails/a392752e7abaf7c4f56872012d0c137a/4aa56f62,['pfps'],4444 moneyboys building the metaverse. ,2021-12-06T18:32:54.827Z,True,False,,https://twitter.com/SolanaMoneyBoys,https://discord.gg/fUbSggHtfj,"{'originLink': '', 'originName': ''}",False,,,2022-04-03T13:57:20.109Z,,,,,383.0,,
76,6244a4dbbea360023d35f06f,space_robots,"['GvEuqtWNzxSKEZ9UTcUw7WpTGz3LLX1fh2SexDN4DVdZ', '4o9ZEHASMPsuZiugwXzu7kZoS6LfeTuccxsdCa87PfYt']",Space Robots,https://creator-hub-prod.s3.us-east-2.amazonaws.com/space_robots_pfp_1648332378789.png,"['pfps', 'art']","Space Robots is an advanced version of Generous Robots, they are AI-enhanced Robots with superpowers, they had a prosperous civilization until their home planet was viciously overtaken by an evil rugger. 
Earn $GEAR by staking a Space Robot! 
We've implemented unique $GEAR burning mechanics to keep the value stable!",2022-03-30T18:43:39.503Z,True,False,https://generousrobots.com,https://www.twitter.com/GenerousRobots,https://www.discord.gg/mgk3A7PD86,"{'originName': '', 'originLink': ''}",False,,0.0,2022-04-03T14:07:51.485Z,,,,"{'showHowrare': True, 'showMoonrank': True}",268.0,,
77,6222e27c0096cc00120af12a,yaku_corp_capsulex,[],Yaku Corp: Capsule X,https://dl.airtable.com/.attachmentThumbnails/da44e373ce500b8da541b154c024322c/4b243f09,['virtual_worlds'],"Hang out in your Yakuverse capsule apartment with friends, play games, customize your motorcycle or avatar, and show off your favorite NFT's in your gallery! Your key to entering the Yakuverse.",2022-03-05T18:43:43.226Z,True,False,http://yakushima.io/,https://twitter.com/YakuCorp,https://t.co/uG3dPDbcrA,"{'originLink': '', 'originName': ''}",False,,,2022-04-03T12:44:59.604Z,,,,,387.0,,
78,615017f33d226d6a3cfc9afd,aurory,,Aurory,https://arweave.net/XnmNKTJOthZ1PcqSspYLPTjFHGJRCe-lGrapzNM0VVQ,['games'],"Aurory, a PvE/PvP gaming project using NFTs, powered by Solana and Serum.",2021-09-26T06:49:23.082Z,True,False,https://aurory.io/,https://twitter.com/AuroryProject,https://discord.gg/aurory,"{'originLink': '', 'originName': ''}",False,,10002.0,2022-04-03T07:40:55.275Z,,,,"{'showHowrare': True, 'showMoonrank': True}",149.0,,
79,62315af947a586b152d6153a,undead_apes,,Undead Apes,https://creator-hub-prod.s3.us-east-2.amazonaws.com/undead_apes_pfp_1647974622963.png,"['pfps', 'art']",Undead Apes are 2500 unique Apes trying to find their true love. 100% of all royalties go into LP. Send them to the graveyard for $Bonez,2022-03-16T03:35:21.063Z,True,False,https://www.undeadapenft.com,https://www.twitter.com/UndeadApesDAO,https://www.discord.gg/undeadapes,"{'originName': '', 'originLink': ''}",False,,2501.0,2022-04-03T14:22:44.722Z,,,False,"{'showHowrare': True, 'showMoonrank': True}",495.0,,
80,623f7503bea360023d589f8c,rarikeys,['53EmnGdMxnmNcaPUE6wJ2NHz6iUVpge4a7RViTdfb8Dq'],SolRarity - Rarikeys,https://creator-hub-prod.s3.us-east-2.amazonaws.com/rarikeys_pfp_1648514569411.png,"['art', None]","2,600 unique Rarikeys allowing you to be part of SolRarity journey in the Solana ecosystem. Hold these precious keys to unlock access to premium tools and more...",2022-03-26T20:18:11.575Z,True,False,https://solrarity.app,https://www.twitter.com/SolRarity_,https://www.discord.gg/solrarity,"{'originName': '', 'originLink': ''}",False,gif,2600.0,2022-04-03T14:30:59.784Z,,,,"{'showHowrare': True, 'showMoonrank': True}",354.0,,
81,6211411b89d47a00100f028f,nuked_apes,['2sPBjQtpQuGx2WQg7kn8mbC1r19AQBPREkcajDDcrbxt'],Nuked Apes,https://dl.airtable.com/.attachmentThumbnails/6524e76ab243c8e8812470a69b0da611/9fecbb6d,['pfps'],"Apekind is shaken as Puff Valley has been affected by a nuclear accident. Through volunteer selection, a special detachment of  Stoned Apes will go on a rescue mission to bring back their fellow apes. Nothing could prepare them for what they would see…

Nuked Apes Form the Second Collection of StonedApeCrew, With Access to The SAC Ecosystem with Exclusive Alpha, Events & Rewards In The Upcoming Expansion Into the Cannabis Industry! Nuked Apes are the Perfect Launchpad for some Truly out of this World Cannabis Strains. 

Revenue generated from our upcoming NFT Incubator & SAC Cannabis Brand will be indirectly shared to holders. This is distributed through our Utility Token $PUFF & Incubator Token $ALL, earned by Staking Your Nuked Ape!",2022-02-19T19:12:27.158Z,True,False,https://www.stonedapecrew.com/nukedapes,https://twitter.com/StonedApeCrew,https://discord.gg/stonedapecrew,"{'originLink': '', 'originName': ''}",False,,,2022-04-03T14:00:26.950Z,,,,,362.0,,
82,61c51a6af6d6cf0010916dca,genopets_refined_genotype_crystals,[],Genopets Refined Genotype Crystals,https://i.imgur.com/hLNYerQ.jpg,['games'],"Genopets is the world’s first move-to-earn NFT Game. A Genotype Crystal can be applied to a Genopet to change its type for a limited time. Genotype Crystals can also be alchemized with other Genotype Crystals to produce Advanced Crystals, Power-Ups, Augments, Items, and Accessories.",2021-12-24T00:55:05.611Z,True,False,https://www.genopets.me/,https://twitter.com/genopets,https://t.co/eeqGSxr3Mg,"{'originLink': '', 'originName': ''}",False,mp4,,2022-04-03T12:28:04.618Z,,,,,68.0,,
83,6162700faf5c0700117985f1,pesky_penguins,[],Pesky Penguins,https://dl.airtable.com/.attachmentThumbnails/2db937cefcae5e2b8c0efbc11e15d68b/b9566c55,['pfps'],"A fun, deflationary collection of pixel-art penguins!",2021-10-10T04:45:33.426Z,True,False,https://pesky-penguins.com/,https://twitter.com/peskypenguins,https://discord.gg/peskypenguins,"{'originLink': '', 'originName': ''}",False,,,2022-04-03T13:36:12.227Z,,,,,351.0,,
84,61dba909d4c0ed6829405458,solana_monke_rejects,[],Solana Monke Rejects,https://dl.airtable.com/.attachmentThumbnails/614d76e55c60d847111048e8be0ff0f8/56774b85,"['pfps', 'art']",Solana Monke Rejects (SMR) is a collection of 6000 individually rendered 3D Monkes on the Solana Blockchain. ,2022-02-05T20:27:14.406Z,True,False,https://www.solmonkerejects.com/,https://twitter.com/MonkeRejects,https://discord.gg/monkerejects,"{'originLink': '', 'originName': ''}",False,,0.0,2022-04-03T14:14:59.480Z,,,False,,513.0,,
85,6206dc81b01b02001068ea2b,taiyo_infants_incubators,['AH3s6T27K49REsRg3jjvHP8eUpnT2jMnUhLU4RW7oxxR'],Taiyo Infants/Incubators,https://dl.airtable.com/.attachmentThumbnails/5a868a8fb314a005f3e6be589cd70a39/846e03f8,"['games', 'pfps']","Incubators that spawn a baby Taiyo after 30 days. To find out how long an incubator takes to hatch or who the parents are, head to https://incubation.taiyorobotics.com/ and search the incubator name into the ""incubator explorer"". Owning an Incubator/Infant grants you full access to the Taiyo Robotics DAO.",2022-02-11T22:00:32.156Z,True,False,https://incubation.taiyorobotics.com/,https://twitter.com/TaiyoRobotics,https://discord.gg/qZm5BTutyU,,,,,2022-04-03T07:36:19.036Z,,,,,84.0,,
86,618329fe9972a20011f80d54,boryoku_dragonz,[],Boryoku Dragonz,https://boryokudragonz.io/dragonz-ani.gif,['pfps'],"Bōryoku Dragonz Are An Exclusive Collection Of 1,111 Dragon NFTs On Solana, Backed By A Top Team Of NFT Collectors, Designers, Community Builders, And Artists. The Project Brings A Fresh Design To Solana, With Daily Token Airdrops, A Breeding Game With Token Burning Mechanics, And A Multi-Chain Community That Completely Transcends A Simple PFP Offering.",2021-11-04T00:31:56.746Z,True,False,https://boryokudragonz.io,https://twitter.com/BoryokuDragonz,https://discord.gg/jSUWCYm3rF,"{'originLink': '', 'originName': ''}",False,,,2022-04-03T13:41:54.240Z,,,False,,128.0,,
87,616dc5eba8608700127fec22,solana_monkey_business,[],Solana Monkey Business,https://i.imgur.com/bMH6qNc.png,['pfps'],"SMB is a collection of 5000 unique randomly generated SolanaMonkeys stored on the blockchain. With their accessibility-oriented design, the monkeys' goal is to invade the Solana blockchain with as many individuals as possible, building a large community around them, supported by owner-exclusive advantages, a community wallet and a future voting system. Reject humanity, return to monke.",2021-10-18T19:06:18.313Z,True,False,,,,"{'originLink': '', 'originName': ''}",False,,,2022-04-03T13:23:03.027Z,,,False,,154.0,,
88,6243d876bea360023da7525a,curedlabs,['2kAJ9ysjdxx4Sc3SEokcGCv2ZGvZkoCRgnZcRXQv17WU'],Cursed Labs,https://creator-hub-prod.s3.us-east-2.amazonaws.com/curedlabs_pfp_1648605578173.png,"['pfps', 'art']","To become a Cursed Affiliate, you must own a Cursed Labs NFT. 5000 Cursed Lab NFT's that are merging web3 utilities with real world use cases that's lead by Real Estate Arbitrage professionals and passionate active developers. 80% of all business venture profits sent to our Cursed Affiliate Distribution Pool (ADP) and then disturbed evenly to all our Lab Affiliates. discord.gg/cursedlabs",2022-03-30T04:11:34.753Z,True,False,http://cursedlabs.io/,https://www.twitter.com/CursedLabs,https://www.discord.gg/CursedLabs,"{'originName': '', 'originLink': ''}",False,,0.0,2022-04-03T14:05:37.065Z,,,,"{'showHowrare': True, 'showMoonrank': True}",312.0,,
89,61ddf1df60b5e500104e6791,desolates_metaverse,"['8zbBN2kNTmgWgCedJtMqFyJo682NwoiwW87DHKHZLHyw', 'HXGAc31mgXKbWVWHTNYSyeSfEP4C85o2MyujJNvstsbd', 'CZ4wm7VUoWDtPVwCQjYWVgGTwkEt7QMgs5P154sizZuJ', 'CLuapaYUEZNoHYqH4HJHJdXh9kWjDLuwUcfwEYTCub3j', 'D79jnG7CqnsqRovCe7QfJPcqd3PtdGEDj12tWWptnqrt', 'DsPtN4YXaXtvcVZ2CRs9ciGHF5pznQQp4xj7u6h45Lvi', 'CyidfYoTwEY6A8NRdB98toS1TxtDEA6ut6Q4PtmndweT', '7tDL7NSVDvZszaFUqEUCeYAkgUxLgqiUQxdP74nUEhYw', '21oqkag9Znpy91wquF6z57ovukVVz7Xgbkpm5UkDmETG', '3VG1iTnKCJqf3iSEaUXCHLvpeoomJXKZBiWY4Jd7SNeh', 'DFaLT9rSzdJ2SGpc3nC1E5p3hnoj4gpUDqT6V5ZX1gcf', '2aKKtN1TgnNcELFJoxWwK8LS8uLWyLMUQb9K228DVbpt']",Desolates Metaverse,https://dl.airtable.com/.attachmentThumbnails/da90b588f578b3a3966727d448fffb81/38ecf965,['virtual_worlds'],"Real Estate in the Metaverse. Buy a planet, build on top, and invite your friends! Also, a tight community. Check the beta!

https://www.desolate.space/planet/4278",2022-01-11T21:08:46.278Z,True,False,http://desolate.space/,https://twitter.com/desolateNFT,https://discord.gg/desolates,"{'originLink': '', 'originName': ''}",False,,,2022-04-03T13:53:16.873Z,,,,,446.0,,
90,61f574757381c1001066bd0d,defi_pirates,['Cjaj1MjAvHoo68LwY8iPXSSkYR6xsfDBqEp3ZyeRdoar'],DeFi Pirates,https://dl.airtable.com/.attachmentThumbnails/1a52cc9cabfdde4777921223fea72b05/75c30f15,['pfps'],"DeFi Pirates is a unique utility-based NFT Collection that allows its holders to scout the DeFi Seas through their personal character. Explore an entire DeFi ecosystem filled with Liquidity Farms, DEXs & Quests for your Pirate on the famous and mystical Treasure Island!",2022-01-29T17:08:04.186Z,True,False,https://www.chest.fi/,https://twitter.com/chestfinance,https://discord.gg/chest,"{'originLink': '', 'originName': ''}",False,,,2022-04-03T14:17:53.611Z,,,,,268.0,,
91,6223c1988d606b0012d45010,debonair_degen_hawks,[],Debonair Degen Hawks,https://dl.airtable.com/.attachmentThumbnails/316605a1c28a5f8aee109024d15c2179/1fdf7f78,['pfps'],"The Most Powerful DeFi-utility NFT on Solana, backed by Solana Ventures & Terraform Labs. Your Passport to HawkDAO & AI trading/social signals for NFTs & Web3.",2022-03-05T22:13:21.199Z,True,False,https://app.hawksight.co/debonairdegenhawks/,https://twitter.com/HawksightCo,https://discord.com/invite/7ZDVwAaqWk,"{'originLink': '', 'originName': ''}",False,,,2022-04-03T14:34:50.046Z,,,,,406.0,,
92,616b3047db6fbe0010bdfae9,genopets,[],Genopets,https://i.imgur.com/F2J6DpS.jpg,['art'],"Genopets is the world’s first move-to-earn NFT Game. Genesis Genopets are a playable collection of 3,333 limited-edition, pre-evolved Stage 4 Genopets, and the only ones that will ever exist with a Genesis marking. The Genoverse awaits.",2021-10-16T20:03:26.753Z,True,False,,,,"{'originLink': '', 'originName': ''}",False,,,2022-04-03T12:34:15.608Z,,,,,69.0,,
93,6235110647a586b1520728e1,sea_shanties_citizens,['ALVNfYrz5GBpmmjGP9evDsa57QAf9YJoawPDaY1BNHqN'],Sea Shanties Citizens Gen1,https://creator-hub-prod.s3.us-east-2.amazonaws.com/sea_shanties_citizens_pfp_1647536483737.jpeg,"['pfps', 'games']",Shill City Citizens is the Genesis PFP Collection of the the Sea Shanties Defi Metaverse. A deflationary collection of 6666 Crime lords fighting for control of the synthesized krill trade. Build your gang and send them on missions through our P2E Gamefied Staking platform.,2022-03-18T23:08:54.944Z,True,False,https://lp.shill-city.com/,https://www.twitter.com/SeaShantiesSol,https://www.discord.gg/pqZGeYGKET,"{'originName': '', 'originLink': ''}",False,,6666.0,2022-04-03T14:24:43.089Z,,,,"{'showHowrare': True, 'showMoonrank': True}",331.0,,
94,61f9b3a4b98400339f5911c5,bulldog_billionaires,[],Bulldog Billionaires,https://dl.airtable.com/.attachments/9df7ea9e9c1f73b096b6e015ca0a465f/5d14cecc/89.png,"['pfps', 'art']","Welcome to an alternate reality, where 2000 bulldogs have taken over the blockchain. Some appear normal. Some look weird, but all of them reward their holders. Stake your Bulldog for $BONE. ",2022-02-01T23:17:00.609Z,True,False,https://www.bulldogbillionaires.club/,https://twitter.com/bbsolana,https://discord.gg/bulldogbillionaires,"{'originLink': '', 'originName': ''}",False,,0.0,2022-04-03T13:22:48.953Z,,,,,188.0,,
95,61e4b23d927ab800103e320d,the_suites,['AQ98oUJQuTsX446cYJgEJJRTnQL4b2LiaFTp95nfa2qc'],The Suites,https://dl.airtable.com/.attachmentThumbnails/2b7a99efb76c329fadeedb490e0196aa/3e378172,['virtual_worlds'],"Have you ever wanted to virtually meet and hang out with like minded fans of a team, sport, e-sport, or event in a single place? Introducing """"The Suites"""", an exclusive collection of virtual hangouts on the Solana blockchain!

Built by a veteran game development team from EA Sports and FanDuel with decades of experience, The Suites aim to recreate that feeling of going to your local pub dedicated to a single team. 

Stream live games and events on TV's in your space, audio and text chat, and make wagers in $SUITE tokens across sports, casino, and fun games inside your very own Luxury Suite!",2022-01-17T00:03:08.641Z,True,False,https://thesuites.app/,https://twitter.com/TheSuitesNFT,https://discord.com/invite/zhzYGxtx9D,"{'originLink': '', 'originName': ''}",False,,,2022-04-03T10:51:46.483Z,,,False,,133.0,,
96,623f6c2dbea360023d989471,funguyz,['EpdbBxH9t4A2dQHhghwHHRqX96weezQTggHrNgiTwSFL'],FunGuyz,https://creator-hub-prod.s3.us-east-2.amazonaws.com/funguyz_pfp_1648068419909.png,"['pfps', 'art']","3,000 happy-go-lucky mushrooms born on the Solana blockchain. Come join the ""Fun Fam"" with the best mushrooms in the Metaverse!",2022-03-26T19:40:29.066Z,True,False,https://funguyz.io/,https://www.twitter.com/FunGuyzNFT,https://discord.gg/funguyz,"{'originName': '', 'originLink': ''}",False,,0.0,2022-04-03T14:21:13.550Z,,,,"{'showHowrare': True, 'showMoonrank': True}",387.0,,
97,620baad2b18fcf0011fcbe14,yaku_corp,[],Yaku Engineering ONI-S01,https://i.imgur.com/QLuSMIn.jpg,"['games', 'virtual_worlds']","The YAKU Engineering ONI-S01 is the first customizable motorcycle in the Yakuverse - The Cyberpunk Metaverse connecting the whole Solana ecosystem. In your Capsule, you can customize your bike and your avatar, hang out with your friends and access an array of Solana services. In the year 2166, anything is possible.",2022-02-15T19:09:33.442Z,True,False,http://yakushima.io/,https://twitter.com/yakucorp?s=21,https://discord.gg/MH6u9cEcZz,"{'originLink': '', 'originName': ''}",False,,,2022-04-03T12:42:04.398Z,,,,"{'showHowrare': False, 'showMoonrank': False}",410.0,,
98,6238cea8b37f943c2d51f968,kamakura,['Bf2jdfoFrqVS2n6eDtzzmb8cbue7B1ibcZF4QCvruqav'],Kamakura,https://dl.airtable.com/.attachmentThumbnails/20f9a063592d29cdc74f940e42b80747/bd316e5a,['launchpad'],A Collection of 3333 Shinobis defending Kamakura Village in Solana space.,2022-03-21T19:14:48.188Z,True,False,http://www.kamakuranft.com/,https://twitter.com/kamakura_nft,https://discord.gg/W5N5EGpKNm,"{'originLink': '', 'originName': ''}",False,,3333.0,2022-04-03T14:39:09.593Z,0.0,,,"{'showHowrare': True, 'showMoonrank': True}",486.0,,
