,id,price,escrowPubkey,owner,collectionName,collectionTitle,img,title,content,externalURL,propertyCategory,creators,sellerFeeBasisPoints,mintAddress,attributes,properties,supply,updateAuthority,primarySaleHappened,onChainCollection,rarity,tokenDelegateValid,v2
0,2Xv2yXYWFqUhEeYgt8EAMzxibsvhkw57DevyAmB2JaNR,20.0,97c96iF29crXuVYTusX3KvaDzpEokFSxgDKuZR2VL79p,mMWcBSwi4RJaYdJgmExNLcurxMKArxqTq1YJGX7TBre,solana_money_boys,Solana Money Boys,https://www.arweave.net/dagVPXYW_8e2vC8PXHX3D98gmM6EuIlCKvxG7WzndMY?ext=png,Solana Money Boy #4157,building the metaverse,https://www.solanamoneyboys.com,image,"[{'address': '8aM3QrhMaShisqZAkjY3TiwbLbePA3VWRbaApJgJACK6', 'verified': 1, 'share': 0}, {'address': 'BwgpxJAFX9wtZSWxp3JUd65aky6a6N8F5xMqBfA39ohL', 'verified': 0, 'share': 100}]",750,EtodJ4178rh8poLykf7FjtE1wZGM7z1bgzrxKPJbmf7z,"[{'trait_type': 'background', 'value': 'blue'}, {'trait_type': 'face', 'value': 'purple'}, {'trait_type': 'shirt', 'value': 'backpackorangeteal'}, {'trait_type': 'necklace', 'value': 'transparent1'}, {'trait_type': 'eyes', 'value': 'awake'}, {'trait_type': 'head', 'value': 'darkdrop2'}, {'trait_type': 'mouth', 'value': 'darkmask3'}]","{'files': [{'uri': 'https://www.arweave.net/dagVPXYW_8e2vC8PXHX3D98gmM6EuIlCKvxG7WzndMY?ext=png', 'type': 'image/png'}], 'category': 'image', 'creators': [{'address': 'BwgpxJAFX9wtZSWxp3JUd65aky6a6N8F5xMqBfA39ohL', 'share': 100}]}",1,2Ks7NhvyEuH8FFvw2SUnS8x2ZUYfzMWqpPvpe6MqRAt5,1,{},{'moonrank': {'rank': 3833}},False,"{'auctionHouseKey': 'E8cU1WiRWjanGxmn96ewBgk9vPTcL6AEZ1t6F6fkgUWe', 'sellerReferral': 'autMW8SgBkVYeBgqYiTuJZnkvDZMVU2MHJh9Jh7CSQ2', 'expiry': -1}"
1,7r4d3JsX2mNxcAErtZNnESPJgaxeZVrBowGuLRKyqw2P,20.0,9A9ztPw6DkgkdcNU7q7kxnT7Msnqk4qseG8kkv1UgCUu,HsD3XjAkeMqjzq6gBruJjLyQ14m75vNCCAnr1eXRGCsD,solana_money_boys,Solana Money Boys,https://www.arweave.net/NR9LwCZ7kXp3Pg2QBy77FuMaAClmrXMuijRLqQsXT_A?ext=png,Solana Money Boy #1132,building the metaverse,https://www.solanamoneyboys.com,image,"[{'address': '6XGE4uBTcZCUuRo8X5W9sN4gXq93vGZbKGWEZtMQKGxy', 'verified': 1, 'share': 0}, {'address': 'BwgpxJAFX9wtZSWxp3JUd65aky6a6N8F5xMqBfA39ohL', 'verified': 0, 'share': 100}]",750,BWJQ554vMK35SaQAXkxjLAT17K58QExDdkoR6hV1oUmt,"[{'trait_type': 'background', 'value': 'white'}, {'trait_type': 'face', 'value': 'light'}, {'trait_type': 'shirt', 'value': 'backpackblue'}, {'trait_type': 'necklace', 'value': 'transparent1'}, {'trait_type': 'eyes', 'value': 'chill'}, {'trait_type': 'head', 'value': 'darkdrop'}, {'trait_type': 'mouth', 'value': 'skullmouth'}]","{'files': [{'uri': 'https://www.arweave.net/NR9LwCZ7kXp3Pg2QBy77FuMaAClmrXMuijRLqQsXT_A?ext=png', 'type': 'image/png'}], 'category': 'image', 'creators': [{'address': 'BwgpxJAFX9wtZSWxp3JUd65aky6a6N8F5xMqBfA39ohL', 'share': 100}]}",1,CvywfuSVev6da9LngjJkFd2y3utrU2W9zvHw8TAmfo9P,1,{},{'moonrank': {'rank': 1912}},False,"{'auctionHouseKey': 'E8cU1WiRWjanGxmn96ewBgk9vPTcL6AEZ1t6F6fkgUWe', 'sellerReferral': 'autMW8SgBkVYeBgqYiTuJZnkvDZMVU2MHJh9Jh7CSQ2', 'expiry': -1}"
2,68UAcY3uxjWCyBbBagdys6BGSA19pZD7H8QwKiri616b,20.0,HTAxpp2nhNEHqR7cAZUiyJV8SSXYG8KYPnEQgyHd7W3f,5mwDoCRkTrht3YFr2LfLmU1Cx9ejFrkUKmBmEqoLARZ4,solana_money_boys,Solana Money Boys,https://www.arweave.net/skI6k9assa2SPBDIgKhQoA5LNAQseroCl53LFMOzqbQ?ext=png,Solana Money Boy #4394,building the metaverse,https://www.solanamoneyboys.com,image,"[{'address': '8aM3QrhMaShisqZAkjY3TiwbLbePA3VWRbaApJgJACK6', 'verified': 1, 'share': 0}, {'address': 'BwgpxJAFX9wtZSWxp3JUd65aky6a6N8F5xMqBfA39ohL', 'verified': 0, 'share': 100}]",750,FaU4PD6hofrXKQX3P2npkn9bnnskYw6EcDM5DbskH3JQ,"[{'trait_type': 'background', 'value': 'lavender'}, {'trait_type': 'face', 'value': 'lavender'}, {'trait_type': 'shirt', 'value': 'robeblueteal'}, {'trait_type': 'necklace', 'value': 'transparent1'}, {'trait_type': 'eyes', 'value': 'awake'}, {'trait_type': 'head', 'value': 'hatpurple'}, {'trait_type': 'mouth', 'value': 'darkmask2'}]","{'files': [{'uri': 'https://www.arweave.net/skI6k9assa2SPBDIgKhQoA5LNAQseroCl53LFMOzqbQ?ext=png', 'type': 'image/png'}], 'category': 'image', 'creators': [{'address': 'BwgpxJAFX9wtZSWxp3JUd65aky6a6N8F5xMqBfA39ohL', 'share': 100}]}",1,2Ks7NhvyEuH8FFvw2SUnS8x2ZUYfzMWqpPvpe6MqRAt5,1,{},{'moonrank': {'rank': 3191}},False,"{'auctionHouseKey': 'E8cU1WiRWjanGxmn96ewBgk9vPTcL6AEZ1t6F6fkgUWe', 'sellerReferral': 'autMW8SgBkVYeBgqYiTuJZnkvDZMVU2MHJh9Jh7CSQ2', 'expiry': -1}"
3,hnbxy5A42KEdWwKUUoczk2qx3rYENrvUYvLdiRYT9jo,20.0,6VTo8BCLrnfNGgdEoMxj7d8Qfps8bFJAE5Rk3AsPpTxy,F27dSEBNZ6taG2QUYXgU7BU7435AEfkWDeryDnisffhf,solana_money_boys,Solana Money Boys,https://www.arweave.net/3sK5GXCaYse9pmPPCrTLh-pPyJApjPydaqHfpgXvEyY?ext=png,Solana Money Boy #1400,building the metaverse,https://www.solanamoneyboys.com,image,"[{'address': '6XGE4uBTcZCUuRo8X5W9sN4gXq93vGZbKGWEZtMQKGxy', 'verified': 1, 'share': 0}, {'address': 'BwgpxJAFX9wtZSWxp3JUd65aky6a6N8F5xMqBfA39ohL', 'verified': 0, 'share': 100}]",750,DJvj7NToKnCXzTEDbbPerSagyiNTcStJAtjdTbJ221z1,"[{'trait_type': 'background', 'value': 'purple'}, {'trait_type': 'face', 'value': 'pink'}, {'trait_type': 'shirt', 'value': 'hoodielavender'}, {'trait_type': 'necklace', 'value': 'transparent1'}, {'trait_type': 'eyes', 'value': 'awake'}, {'trait_type': 'head', 'value': 'dropblue'}, {'trait_type': 'mouth', 'value': 'nomouth'}]","{'files': [{'uri': 'https://www.arweave.net/3sK5GXCaYse9pmPPCrTLh-pPyJApjPydaqHfpgXvEyY?ext=png', 'type': 'image/png'}], 'category': 'image', 'creators': [{'address': 'BwgpxJAFX9wtZSWxp3JUd65aky6a6N8F5xMqBfA39ohL', 'share': 100}]}",1,CvywfuSVev6da9LngjJkFd2y3utrU2W9zvHw8TAmfo9P,1,{},{'moonrank': {'rank': 2808}},False,"{'auctionHouseKey': 'E8cU1WiRWjanGxmn96ewBgk9vPTcL6AEZ1t6F6fkgUWe', 'sellerReferral': 'autMW8SgBkVYeBgqYiTuJZnkvDZMVU2MHJh9Jh7CSQ2', 'expiry': -1}"
4,CjRdymmb8txr6nftYMtgWx4UhrdzPZvMyzvpoWoVutYX,21.5,BDL1EWTnDAbBakTsivfHVgQdN3N1Ya37VLhBDfgRenBX,5CAV2VL2oa9V45DAiVdah8kSk6QPt4nrBhZAQdLYGifg,solana_money_boys,Solana Money Boys,https://www.arweave.net/MlSX4I5IrdOvKQv_xZYaZhKoSBk0BeevwKNjXr7FxKc?ext=png,Solana Money Boy #3141,building the metaverse,https://www.solanamoneyboys.com,image,"[{'address': '42eNtgbrbYhQwu7gDtZ1TExj3fyLSh868eaBg9eKPfHQ', 'verified': 1, 'share': 0}, {'address': 'BwgpxJAFX9wtZSWxp3JUd65aky6a6N8F5xMqBfA39ohL', 'verified': 0, 'share': 100}]",750,CE5kMsUX6Xdkie6xK1gk4kh6iJy89CxzsrDr5T9iuoPq,"[{'trait_type': 'background', 'value': 'green'}, {'trait_type': 'face', 'value': 'green'}, {'trait_type': 'shirt', 'value': 'robegold'}, {'trait_type': 'necklace', 'value': 'transparent1'}, {'trait_type': 'eyes', 'value': 'awake'}, {'trait_type': 'head', 'value': 'hatpink'}, {'trait_type': 'mouth', 'value': 'darkmask3'}]","{'files': [{'uri': 'https://www.arweave.net/MlSX4I5IrdOvKQv_xZYaZhKoSBk0BeevwKNjXr7FxKc?ext=png', 'type': 'image/png'}], 'category': 'image', 'creators': [{'address': 'BwgpxJAFX9wtZSWxp3JUd65aky6a6N8F5xMqBfA39ohL', 'share': 100}]}",1,GN4VCxyGgCY7gQmiZTn8FXvjEWdXQ7xLGqSjhi2zYWPQ,1,{},{'moonrank': {'rank': 1754}},False,"{'auctionHouseKey': 'E8cU1WiRWjanGxmn96ewBgk9vPTcL6AEZ1t6F6fkgUWe', 'sellerReferral': 'autMW8SgBkVYeBgqYiTuJZnkvDZMVU2MHJh9Jh7CSQ2', 'expiry': -1}"
5,7xHMPC7PecEpSkApvL4J7DzNRLoJ9CJbrhF8CVuxNP7J,22.0,AsWKjY13hP8GPoc2gnakuPoEpvweKuBAt3arbDM8jhuJ,HT2SuCbePhjNZaar24uVwihYowCNvSjdvhJ8BRSVw9nX,solana_money_boys,Solana Money Boys,https://www.arweave.net/v7TGKVEhVP5zD3G4dS09U3FGE-VVIw3Mcg6u2-ZnQOY?ext=png,Solana Money Boy #4200,building the metaverse,https://www.solanamoneyboys.com,image,"[{'address': '8aM3QrhMaShisqZAkjY3TiwbLbePA3VWRbaApJgJACK6', 'verified': 1, 'share': 0}, {'address': 'BwgpxJAFX9wtZSWxp3JUd65aky6a6N8F5xMqBfA39ohL', 'verified': 0, 'share': 100}]",750,3ZjWAUqcTtc1fRKSnxkmco5L2bQvQL7ExThrM1Krzdad,"[{'trait_type': 'background', 'value': 'teal'}, {'trait_type': 'face', 'value': 'teal'}, {'trait_type': 'shirt', 'value': 'backpackblue'}, {'trait_type': 'necklace', 'value': 'transparent1'}, {'trait_type': 'eyes', 'value': 'awake'}, {'trait_type': 'head', 'value': 'droporange'}, {'trait_type': 'mouth', 'value': 'tonguegreen'}]","{'files': [{'uri': 'https://www.arweave.net/v7TGKVEhVP5zD3G4dS09U3FGE-VVIw3Mcg6u2-ZnQOY?ext=png', 'type': 'image/png'}], 'category': 'image', 'creators': [{'address': 'BwgpxJAFX9wtZSWxp3JUd65aky6a6N8F5xMqBfA39ohL', 'share': 100}]}",1,2Ks7NhvyEuH8FFvw2SUnS8x2ZUYfzMWqpPvpe6MqRAt5,1,{},{'moonrank': {'rank': 2069}},False,"{'auctionHouseKey': 'E8cU1WiRWjanGxmn96ewBgk9vPTcL6AEZ1t6F6fkgUWe', 'sellerReferral': 'autMW8SgBkVYeBgqYiTuJZnkvDZMVU2MHJh9Jh7CSQ2', 'expiry': -1}"
6,2H5eip8ic51XpCewPRL4BKZJFEGCxNmL5gZRcsHqSf5z,22.0,APy9T2U2ajkVZ4SvJb75qHBnpYeEEFv5cpMG8zm1c3oR,HPC4XqF1M5wfYwxSpfcZMMGFKRJ3EBduvCY3n6ADCnA9,solana_money_boys,Solana Money Boys,https://www.arweave.net/AqbzcYapDa_fKRwLgycni_QCOovt4ORw1Lbx9cAQVOI?ext=png,Solana Money Boy #4351,building the metaverse,https://www.solanamoneyboys.com,image,"[{'address': '8aM3QrhMaShisqZAkjY3TiwbLbePA3VWRbaApJgJACK6', 'verified': 1, 'share': 0}, {'address': 'BwgpxJAFX9wtZSWxp3JUd65aky6a6N8F5xMqBfA39ohL', 'verified': 0, 'share': 100}]",750,3bm5MCgsPhSdLdxVSbjH5aS5nzB71GZ9UjnhSCaZxaGt,"[{'trait_type': 'background', 'value': 'pink'}, {'trait_type': 'face', 'value': 'orange'}, {'trait_type': 'shirt', 'value': 'jacketgold'}, {'trait_type': 'necklace', 'value': 'transparent1'}, {'trait_type': 'eyes', 'value': 'awake'}, {'trait_type': 'head', 'value': 'bald'}, {'trait_type': 'mouth', 'value': 'tonguegold'}]","{'files': [{'uri': 'https://www.arweave.net/AqbzcYapDa_fKRwLgycni_QCOovt4ORw1Lbx9cAQVOI?ext=png', 'type': 'image/png'}], 'category': 'image', 'creators': [{'address': 'BwgpxJAFX9wtZSWxp3JUd65aky6a6N8F5xMqBfA39ohL', 'share': 100}]}",1,2Ks7NhvyEuH8FFvw2SUnS8x2ZUYfzMWqpPvpe6MqRAt5,1,{},{'moonrank': {'rank': 1189}},False,"{'auctionHouseKey': 'E8cU1WiRWjanGxmn96ewBgk9vPTcL6AEZ1t6F6fkgUWe', 'sellerReferral': 'autMW8SgBkVYeBgqYiTuJZnkvDZMVU2MHJh9Jh7CSQ2', 'expiry': -1}"
7,BzufDALmamVuov54oYXKeGCLwaqje7YjNu2nLBdeZ8zF,22.0,4n5yoFQnVLpfhjh7VTbPH7ccrj3SqDkYCp9976xG8Pvr,31SYLxoxZxAj7g2htHu9FfNdKHXvjJaFP9iL9VWe1ht2,solana_money_boys,Solana Money Boys,https://www.arweave.net/IxD0o4rroCtTgsoZi18puY89c2nWoDjWQX0Jx-Hptb8?ext=png,Solana Money Boy #2170,building the metaverse,https://www.solanamoneyboys.com,image,"[{'address': '6XGE4uBTcZCUuRo8X5W9sN4gXq93vGZbKGWEZtMQKGxy', 'verified': 1, 'share': 0}, {'address': 'BwgpxJAFX9wtZSWxp3JUd65aky6a6N8F5xMqBfA39ohL', 'verified': 0, 'share': 100}]",750,7opAK23byyL1X3iBipo4d3VcAMi1m7WiWCZnh2Eciqk,"[{'trait_type': 'background', 'value': 'purple'}, {'trait_type': 'face', 'value': 'pink'}, {'trait_type': 'shirt', 'value': 'hoodieblue'}, {'trait_type': 'necklace', 'value': 'transparent1'}, {'trait_type': 'eyes', 'value': 'awake'}, {'trait_type': 'head', 'value': 'drippurple'}, {'trait_type': 'mouth', 'value': 'tongue'}]","{'files': [{'uri': 'https://www.arweave.net/IxD0o4rroCtTgsoZi18puY89c2nWoDjWQX0Jx-Hptb8?ext=png', 'type': 'image/png'}], 'category': 'image', 'creators': [{'address': 'BwgpxJAFX9wtZSWxp3JUd65aky6a6N8F5xMqBfA39ohL', 'share': 100}]}",1,CvywfuSVev6da9LngjJkFd2y3utrU2W9zvHw8TAmfo9P,1,{},{'moonrank': {'rank': 3912}},False,"{'auctionHouseKey': 'E8cU1WiRWjanGxmn96ewBgk9vPTcL6AEZ1t6F6fkgUWe', 'sellerReferral': 'autMW8SgBkVYeBgqYiTuJZnkvDZMVU2MHJh9Jh7CSQ2', 'expiry': -1}"
8,CMfTCFGcEfWFztsUJg18Nw4qLc73L6j1PBNHxdS4ZNeP,22.5,HSAFJTFtfDBvcv6iKdN16kvPhX45BxN6ufLK7KUL1CZ6,CEpLZmAFDaVAZgB7H2PsLcWHaYH95DQkWtvzWUZRoPgu,solana_money_boys,Solana Money Boys,https://www.arweave.net/idtHzMEoW1CuUILMnFA0wH5vsvfzWRbl1dvNB_HYbSc?ext=png,Solana Money Boy #3168,building the metaverse,https://www.solanamoneyboys.com,image,"[{'address': '42eNtgbrbYhQwu7gDtZ1TExj3fyLSh868eaBg9eKPfHQ', 'verified': 1, 'share': 0}, {'address': 'BwgpxJAFX9wtZSWxp3JUd65aky6a6N8F5xMqBfA39ohL', 'verified': 0, 'share': 100}]",750,4GX6Urcjm5b3p9Rko8f63SzqrViWm9hxsEfSvSYaxtEk,"[{'trait_type': 'background', 'value': 'green'}, {'trait_type': 'face', 'value': 'pink'}, {'trait_type': 'shirt', 'value': 'backpackpink'}, {'trait_type': 'necklace', 'value': 'transparent1'}, {'trait_type': 'eyes', 'value': 'awake'}, {'trait_type': 'head', 'value': 'dropblue'}, {'trait_type': 'mouth', 'value': 'gringreen'}]","{'files': [{'uri': 'https://www.arweave.net/idtHzMEoW1CuUILMnFA0wH5vsvfzWRbl1dvNB_HYbSc?ext=png', 'type': 'image/png'}], 'category': 'image', 'creators': [{'address': 'BwgpxJAFX9wtZSWxp3JUd65aky6a6N8F5xMqBfA39ohL', 'share': 100}]}",1,GN4VCxyGgCY7gQmiZTn8FXvjEWdXQ7xLGqSjhi2zYWPQ,1,{},{'moonrank': {'rank': 2125}},False,"{'auctionHouseKey': 'E8cU1WiRWjanGxmn96ewBgk9vPTcL6AEZ1t6F6fkgUWe', 'sellerReferral': 'autMW8SgBkVYeBgqYiTuJZnkvDZMVU2MHJh9Jh7CSQ2', 'expiry': -1}"
9,7ay4FQkREBPAgHBPj5CeQrN9AcSNp5hnEQgXGpcoVbRm,23.0,AZ2DeS9oti27nJ7Mdu6BJdhRNqryuBM4Wkubyren1NEx,GzW5oMMKm4RYd6av99JwxcxLd6dCF9Wh84aogMpbSSjj,solana_money_boys,Solana Money Boys,https://www.arweave.net/Mut1JqQfFl4qpTDAJxtfPisyM_tMAuqfN1rVoE5uhqM?ext=png,Solana Money Boy #602,building the metaverse,https://www.solanamoneyboys.com,image,"[{'address': '6VrHf4xmhQUMYQtFEUUo6ftUp8soqa81auAuzDhLTtNL', 'verified': 1, 'share': 0}, {'address': 'BwgpxJAFX9wtZSWxp3JUd65aky6a6N8F5xMqBfA39ohL', 'verified': 0, 'share': 100}]",750,5SH4oa36AAR2yrV6KQaDQeRCX5ZmeQdxj6m6Zc1CYrzA,"[{'trait_type': 'background', 'value': 'orange'}, {'trait_type': 'face', 'value': 'dark'}, {'trait_type': 'shirt', 'value': 'robegreenyellow'}, {'trait_type': 'necklace', 'value': 'transparent1'}, {'trait_type': 'eyes', 'value': 'awake'}, {'trait_type': 'head', 'value': 'hatgreen'}, {'trait_type': 'mouth', 'value': 'darkmask1'}]","{'files': [{'uri': 'https://www.arweave.net/Mut1JqQfFl4qpTDAJxtfPisyM_tMAuqfN1rVoE5uhqM?ext=png', 'type': 'image/png'}], 'category': 'image', 'creators': [{'address': 'BwgpxJAFX9wtZSWxp3JUd65aky6a6N8F5xMqBfA39ohL', 'share': 100}]}",1,8bRrTTc1vCR3fuEBhU2Vo5ga5KjLSfrmjpC9JojcEugV,1,{},{'moonrank': {'rank': 1289}},False,"{'auctionHouseKey': 'E8cU1WiRWjanGxmn96ewBgk9vPTcL6AEZ1t6F6fkgUWe', 'sellerReferral': 'autMW8SgBkVYeBgqYiTuJZnkvDZMVU2MHJh9Jh7CSQ2', 'expiry': -1}"
10,6RDw53GZT3WGLqRjvTCRFNxSGjcV7bWmREJgVJkxpNZt,23.0,7q1Ye4UAaXuU6AyKXQdS3htuApHiR1brUJJrrGMZn2MR,A3Y5Aa7dCbtNqxozsZHHN4D36GbDEdYkv1ByVgP3AGro,solana_money_boys,Solana Money Boys,https://www.arweave.net/scHKRFdb5fUuhJ_DGHIliTenVVbIy6G_aauJ4hVrKwQ?ext=png,Solana Money Boy #72,building the metaverse,https://www.solanamoneyboys.com,image,"[{'address': '6VrHf4xmhQUMYQtFEUUo6ftUp8soqa81auAuzDhLTtNL', 'verified': 1, 'share': 0}, {'address': 'BwgpxJAFX9wtZSWxp3JUd65aky6a6N8F5xMqBfA39ohL', 'verified': 0, 'share': 100}]",750,C8owmZZrz7Z9BdnNiuEyrxBzXaAiuTChUhuaaWVB6GnW,"[{'trait_type': 'background', 'value': 'pink'}, {'trait_type': 'face', 'value': 'yellow'}, {'trait_type': 'shirt', 'value': 'jacketpurplegreen'}, {'trait_type': 'necklace', 'value': 'transparent1'}, {'trait_type': 'eyes', 'value': 'awake'}, {'trait_type': 'head', 'value': 'bald'}, {'trait_type': 'mouth', 'value': 'moneymouth'}]","{'files': [{'uri': 'https://www.arweave.net/scHKRFdb5fUuhJ_DGHIliTenVVbIy6G_aauJ4hVrKwQ?ext=png', 'type': 'image/png'}], 'category': 'image', 'creators': [{'address': 'BwgpxJAFX9wtZSWxp3JUd65aky6a6N8F5xMqBfA39ohL', 'share': 100}]}",1,8bRrTTc1vCR3fuEBhU2Vo5ga5KjLSfrmjpC9JojcEugV,1,{},{'moonrank': {'rank': 3801}},False,"{'auctionHouseKey': 'E8cU1WiRWjanGxmn96ewBgk9vPTcL6AEZ1t6F6fkgUWe', 'sellerReferral': 'autMW8SgBkVYeBgqYiTuJZnkvDZMVU2MHJh9Jh7CSQ2', 'expiry': -1}"
11,FLokKwiTTDVDRVkQNS3Xi4njfP7zaj98u6QNPwHr5tqf,23.2,4j9a9CggiptQLr1Zz8q94yELcPf4PMbptoZYNJh1a3qH,4F79QhAs3Cd4GQCsLnCoAKBMdJTfTVZkMSxVVppbwQK2,solana_money_boys,Solana Money Boys,https://www.arweave.net/WV0eJwOOPWvOUTOmeEFk5QxMAck5cN9ieOz0xuBZ1fM?ext=png,Solana Money Boy #1278,building the metaverse,https://www.solanamoneyboys.com,image,"[{'address': '6XGE4uBTcZCUuRo8X5W9sN4gXq93vGZbKGWEZtMQKGxy', 'verified': 1, 'share': 0}, {'address': 'BwgpxJAFX9wtZSWxp3JUd65aky6a6N8F5xMqBfA39ohL', 'verified': 0, 'share': 100}]",750,4Vws5zavnZTPLvKraK437xCJ9sRnLhpuRKYKsMQVAv9a,"[{'trait_type': 'background', 'value': 'green'}, {'trait_type': 'face', 'value': 'yellow'}, {'trait_type': 'shirt', 'value': 'collargreen'}, {'trait_type': 'necklace', 'value': 'transparent1'}, {'trait_type': 'eyes', 'value': 'awake'}, {'trait_type': 'head', 'value': 'darkdrop'}, {'trait_type': 'mouth', 'value': 'grin100'}]","{'files': [{'uri': 'https://www.arweave.net/WV0eJwOOPWvOUTOmeEFk5QxMAck5cN9ieOz0xuBZ1fM?ext=png', 'type': 'image/png'}], 'category': 'image', 'creators': [{'address': 'BwgpxJAFX9wtZSWxp3JUd65aky6a6N8F5xMqBfA39ohL', 'share': 100}]}",1,CvywfuSVev6da9LngjJkFd2y3utrU2W9zvHw8TAmfo9P,1,{},{'moonrank': {'rank': 940}},False,"{'auctionHouseKey': 'E8cU1WiRWjanGxmn96ewBgk9vPTcL6AEZ1t6F6fkgUWe', 'sellerReferral': 'autMW8SgBkVYeBgqYiTuJZnkvDZMVU2MHJh9Jh7CSQ2', 'expiry': -1}"
12,861xVuKRqtMHpgbXqywKThdSLqRNJmu2fiDnVuxmN7eu,23.69,3rtV7zFL839uQuwPPDDMrv8rwD3XsBDsnsXFAQafY3CQ,Dq6PP6nXn1rWa5Fbi3KufbsM7TuuXtxSUPwPwMpXzxdS,solana_money_boys,Solana Money Boys,https://www.arweave.net/SHWZpGS_AJakAngNjNJKeNXSJyyS4cPIyzVcN-qvkTk?ext=png,Solana Money Boy #1210,building the metaverse,https://www.solanamoneyboys.com,image,"[{'address': '6XGE4uBTcZCUuRo8X5W9sN4gXq93vGZbKGWEZtMQKGxy', 'verified': 1, 'share': 0}, {'address': 'BwgpxJAFX9wtZSWxp3JUd65aky6a6N8F5xMqBfA39ohL', 'verified': 0, 'share': 100}]",750,Gw1d3Qeh97ou3xZz6MAStPzfoZtd3MtFARrFeqjKfz6Y,"[{'trait_type': 'background', 'value': 'purple'}, {'trait_type': 'face', 'value': 'lavender'}, {'trait_type': 'shirt', 'value': 'hoodieblue'}, {'trait_type': 'necklace', 'value': 'transparent1'}, {'trait_type': 'eyes', 'value': 'awake'}, {'trait_type': 'head', 'value': 'hatgreen'}, {'trait_type': 'mouth', 'value': 'smile'}]","{'files': [{'uri': 'https://www.arweave.net/SHWZpGS_AJakAngNjNJKeNXSJyyS4cPIyzVcN-qvkTk?ext=png', 'type': 'image/png'}], 'category': 'image', 'creators': [{'address': 'BwgpxJAFX9wtZSWxp3JUd65aky6a6N8F5xMqBfA39ohL', 'share': 100}]}",1,CvywfuSVev6da9LngjJkFd2y3utrU2W9zvHw8TAmfo9P,1,{},{'moonrank': {'rank': 3610}},False,"{'auctionHouseKey': 'E8cU1WiRWjanGxmn96ewBgk9vPTcL6AEZ1t6F6fkgUWe', 'sellerReferral': 'autMW8SgBkVYeBgqYiTuJZnkvDZMVU2MHJh9Jh7CSQ2', 'expiry': -1}"
13,6QUSJmxEWZJmin9dE9eCkhyMQwKaJtT4XnbEq1QQ3wCX,23.77,AepCcPQXFTApf1VEZ47CEBtbt3BSag5sUAMxpY8BgsBh,Asd4P1ax9XkG324oQGymrShpaKr6UaNPYGDEDp1sKBCR,solana_money_boys,Solana Money Boys,https://www.arweave.net/2oQaK-D3_XiHU15rWAQFVUTISAlvK6mqX9__65EHILw?ext=png,Solana Money Boy #1700,building the metaverse,https://www.solanamoneyboys.com,image,"[{'address': '6XGE4uBTcZCUuRo8X5W9sN4gXq93vGZbKGWEZtMQKGxy', 'verified': 1, 'share': 0}, {'address': 'BwgpxJAFX9wtZSWxp3JUd65aky6a6N8F5xMqBfA39ohL', 'verified': 0, 'share': 100}]",750,2yQREhzLR7SdMmsmNK5Td9ZK959wQZZRvJftdWApA9n8,"[{'trait_type': 'background', 'value': 'teal'}, {'trait_type': 'face', 'value': 'teal'}, {'trait_type': 'shirt', 'value': 'backpackorangeteal'}, {'trait_type': 'necklace', 'value': 'transparent1'}, {'trait_type': 'eyes', 'value': 'awake'}, {'trait_type': 'head', 'value': 'dropblue'}, {'trait_type': 'mouth', 'value': 'zigmouthpurple'}]","{'files': [{'uri': 'https://www.arweave.net/2oQaK-D3_XiHU15rWAQFVUTISAlvK6mqX9__65EHILw?ext=png', 'type': 'image/png'}], 'category': 'image', 'creators': [{'address': 'BwgpxJAFX9wtZSWxp3JUd65aky6a6N8F5xMqBfA39ohL', 'share': 100}]}",1,CvywfuSVev6da9LngjJkFd2y3utrU2W9zvHw8TAmfo9P,1,{},{'moonrank': {'rank': 939}},False,"{'auctionHouseKey': 'E8cU1WiRWjanGxmn96ewBgk9vPTcL6AEZ1t6F6fkgUWe', 'sellerReferral': 'autMW8SgBkVYeBgqYiTuJZnkvDZMVU2MHJh9Jh7CSQ2', 'expiry': -1}"
14,A5mAy6j7EFbqPcRnMZ1ypsA89gUWaXJ4DGgvr92Zrp7H,24.0,Eh6ESyJdVdghxTejybvMacwFwG4Fwv6JsARZST9nQixN,GBJbNF6fmYChQhTbhRZke8eM3DVhL6JSZYpKBT7NDzEe,solana_money_boys,Solana Money Boys,https://www.arweave.net/rHooGclHCThlAVVabDjOu8lIKU9iWPu3wFum6sZr0xg?ext=png,Solana Money Boy #1262,building the metaverse,https://www.solanamoneyboys.com,image,"[{'address': '6XGE4uBTcZCUuRo8X5W9sN4gXq93vGZbKGWEZtMQKGxy', 'verified': 1, 'share': 0}, {'address': 'BwgpxJAFX9wtZSWxp3JUd65aky6a6N8F5xMqBfA39ohL', 'verified': 0, 'share': 100}]",750,7DrHoMLu1DMtQApbAh1oaXXSvdyc7yj4AzTS7yRhu9QN,"[{'trait_type': 'background', 'value': 'blue'}, {'trait_type': 'face', 'value': 'blue'}, {'trait_type': 'shirt', 'value': 'backpackorangeteal'}, {'trait_type': 'necklace', 'value': 'transparent1'}, {'trait_type': 'eyes', 'value': 'chill'}, {'trait_type': 'head', 'value': 'hatpurple'}, {'trait_type': 'mouth', 'value': 'skullmouth'}]","{'files': [{'uri': 'https://www.arweave.net/rHooGclHCThlAVVabDjOu8lIKU9iWPu3wFum6sZr0xg?ext=png', 'type': 'image/png'}], 'category': 'image', 'creators': [{'address': 'BwgpxJAFX9wtZSWxp3JUd65aky6a6N8F5xMqBfA39ohL', 'share': 100}]}",1,CvywfuSVev6da9LngjJkFd2y3utrU2W9zvHw8TAmfo9P,1,{},{'moonrank': {'rank': 845}},False,"{'auctionHouseKey': 'E8cU1WiRWjanGxmn96ewBgk9vPTcL6AEZ1t6F6fkgUWe', 'sellerReferral': 'autMW8SgBkVYeBgqYiTuJZnkvDZMVU2MHJh9Jh7CSQ2', 'expiry': -1}"
15,4d6miYj6TtncZXYHJjUStycaPsQiEYKLpRXb4y86hmgp,24.0,Cq1TXaq9UMKoAonTDfPKv2mF3Ta91mEZ6nu7RKNYYYho,J8hxJeWx3AuGqcPDezSY2iAH8zR9heusQLrvPPLL8R55,solana_money_boys,Solana Money Boys,https://www.arweave.net/FxJ8C9SgHCuoq8BBwgZzToFmWWOFOa0mz3oJ4eAXWV0?ext=png,Solana Money Boy #1354,building the metaverse,https://www.solanamoneyboys.com,image,"[{'address': '6XGE4uBTcZCUuRo8X5W9sN4gXq93vGZbKGWEZtMQKGxy', 'verified': 1, 'share': 0}, {'address': 'BwgpxJAFX9wtZSWxp3JUd65aky6a6N8F5xMqBfA39ohL', 'verified': 0, 'share': 100}]",750,42TfsdXFHYgbKiHq3QEwcWcRTgsWKdQAiFZZP3Dhamg8,"[{'trait_type': 'background', 'value': 'purple'}, {'trait_type': 'face', 'value': 'light'}, {'trait_type': 'shirt', 'value': 'jacketyellowpurple'}, {'trait_type': 'necklace', 'value': 'transparent1'}, {'trait_type': 'eyes', 'value': 'chill'}, {'trait_type': 'head', 'value': 'dropblue'}, {'trait_type': 'mouth', 'value': 'gringreen'}]","{'files': [{'uri': 'https://www.arweave.net/FxJ8C9SgHCuoq8BBwgZzToFmWWOFOa0mz3oJ4eAXWV0?ext=png', 'type': 'image/png'}], 'category': 'image', 'creators': [{'address': 'BwgpxJAFX9wtZSWxp3JUd65aky6a6N8F5xMqBfA39ohL', 'share': 100}]}",1,CvywfuSVev6da9LngjJkFd2y3utrU2W9zvHw8TAmfo9P,1,{},{'moonrank': {'rank': 1257}},False,"{'auctionHouseKey': 'E8cU1WiRWjanGxmn96ewBgk9vPTcL6AEZ1t6F6fkgUWe', 'sellerReferral': 'autMW8SgBkVYeBgqYiTuJZnkvDZMVU2MHJh9Jh7CSQ2', 'expiry': -1}"
16,F7xm79w5qbgNkZG1jhvJBtTFfhVAVJR1CRKaQcGB7UK2,24.95,7RV45ZU3a7LyrrcnAATJevHxjjouvqZsr9DTwuFEeznZ,6Uz21kYRJkMYayehzi1VB3Ub5zojwVyGhcdMA6Stmp5r,solana_money_boys,Solana Money Boys,https://www.arweave.net/gDI3Zkhj6IWVJhmWCm8aw-rAD01NF901diJnVnmzP2Q?ext=png,Solana Money Boy #4154,building the metaverse,https://www.solanamoneyboys.com,image,"[{'address': '8aM3QrhMaShisqZAkjY3TiwbLbePA3VWRbaApJgJACK6', 'verified': 1, 'share': 0}, {'address': 'BwgpxJAFX9wtZSWxp3JUd65aky6a6N8F5xMqBfA39ohL', 'verified': 0, 'share': 100}]",750,8uag1uK2MUueFRohJynxygvk5zrdZgNmsxUhMCApG4jX,"[{'trait_type': 'background', 'value': 'white'}, {'trait_type': 'face', 'value': 'light'}, {'trait_type': 'shirt', 'value': 'hoodielavender'}, {'trait_type': 'necklace', 'value': 'transparent1'}, {'trait_type': 'eyes', 'value': 'chill'}, {'trait_type': 'head', 'value': 'hatorange'}, {'trait_type': 'mouth', 'value': 'moneymouth'}]","{'files': [{'uri': 'https://www.arweave.net/gDI3Zkhj6IWVJhmWCm8aw-rAD01NF901diJnVnmzP2Q?ext=png', 'type': 'image/png'}], 'category': 'image', 'creators': [{'address': 'BwgpxJAFX9wtZSWxp3JUd65aky6a6N8F5xMqBfA39ohL', 'share': 100}]}",1,2Ks7NhvyEuH8FFvw2SUnS8x2ZUYfzMWqpPvpe6MqRAt5,1,{},{'moonrank': {'rank': 2701}},False,"{'auctionHouseKey': 'E8cU1WiRWjanGxmn96ewBgk9vPTcL6AEZ1t6F6fkgUWe', 'sellerReferral': 'autMW8SgBkVYeBgqYiTuJZnkvDZMVU2MHJh9Jh7CSQ2', 'expiry': -1}"
17,EC1oDwWK5d46Mnz2RNEFjFZdrawRNX2Htog5q24c7htG,25.0,z39fYcgWwrih5S37QszgxNKdFU7f1bTN7MSpPTHEtqh,9kQ7PKqXePwfxDxQYWJeP3TJdbX7ZZuar7pvQVpjVZxX,solana_money_boys,Solana Money Boys,https://www.arweave.net/4cCfHaZlVjG5eNCbwVfoKpl-GLmYSTGSLYhMmIbL2UE?ext=png,Solana Money Boy #475,building the metaverse,https://www.solanamoneyboys.com,image,"[{'address': '6VrHf4xmhQUMYQtFEUUo6ftUp8soqa81auAuzDhLTtNL', 'verified': 1, 'share': 0}, {'address': 'BwgpxJAFX9wtZSWxp3JUd65aky6a6N8F5xMqBfA39ohL', 'verified': 0, 'share': 100}]",750,HMngW897BGxGv47xzuEf1uFtvWAAEdopybFf6UBVuPzD,"[{'trait_type': 'background', 'value': 'orange'}, {'trait_type': 'face', 'value': 'pink'}, {'trait_type': 'shirt', 'value': 'backpackblue'}, {'trait_type': 'necklace', 'value': 'transparent1'}, {'trait_type': 'eyes', 'value': 'awake'}, {'trait_type': 'head', 'value': 'dripgold'}, {'trait_type': 'mouth', 'value': 'darkmask1'}]","{'files': [{'uri': 'https://www.arweave.net/4cCfHaZlVjG5eNCbwVfoKpl-GLmYSTGSLYhMmIbL2UE?ext=png', 'type': 'image/png'}], 'category': 'image', 'creators': [{'address': 'BwgpxJAFX9wtZSWxp3JUd65aky6a6N8F5xMqBfA39ohL', 'share': 100}]}",1,8bRrTTc1vCR3fuEBhU2Vo5ga5KjLSfrmjpC9JojcEugV,1,{},{'moonrank': {'rank': 1619}},False,"{'auctionHouseKey': 'E8cU1WiRWjanGxmn96ewBgk9vPTcL6AEZ1t6F6fkgUWe', 'sellerReferral': 'autMW8SgBkVYeBgqYiTuJZnkvDZMVU2MHJh9Jh7CSQ2', 'expiry': -1}"
18,EXFYYBqhx3rt19E3dDcLQbmmVXqN35BCUTx3gaJougGU,25.0,4Ry3HKWPxbZj9waUi16JpUHPKcmYf5JcjdNB4nVqgoeq,FL9VC3AnZYHvxNhfXRgFJMu52DG5Z2sMMymFyzi4yWW,solana_money_boys,Solana Money Boys,https://www.arweave.net/xsyXknKQi56I_sLJ6LwygPRxg9YwS60ofy7Sx40C_GQ?ext=png,Solana Money Boy #4216,building the metaverse,https://www.solanamoneyboys.com,image,"[{'address': '8aM3QrhMaShisqZAkjY3TiwbLbePA3VWRbaApJgJACK6', 'verified': 1, 'share': 0}, {'address': 'BwgpxJAFX9wtZSWxp3JUd65aky6a6N8F5xMqBfA39ohL', 'verified': 0, 'share': 100}]",750,8H7JnwMHTK63Biu7n5tEMiAniSsDcHXUEzsRVrYKs7CP,"[{'trait_type': 'background', 'value': 'purple'}, {'trait_type': 'face', 'value': 'purple'}, {'trait_type': 'shirt', 'value': 'jackettealpink'}, {'trait_type': 'necklace', 'value': 'transparent1'}, {'trait_type': 'eyes', 'value': 'awake'}, {'trait_type': 'head', 'value': 'hatgreen'}, {'trait_type': 'mouth', 'value': 'skullmouth'}]","{'files': [{'uri': 'https://www.arweave.net/xsyXknKQi56I_sLJ6LwygPRxg9YwS60ofy7Sx40C_GQ?ext=png', 'type': 'image/png'}], 'category': 'image', 'creators': [{'address': 'BwgpxJAFX9wtZSWxp3JUd65aky6a6N8F5xMqBfA39ohL', 'share': 100}]}",1,2Ks7NhvyEuH8FFvw2SUnS8x2ZUYfzMWqpPvpe6MqRAt5,1,{},{'moonrank': {'rank': 3015}},False,"{'auctionHouseKey': 'E8cU1WiRWjanGxmn96ewBgk9vPTcL6AEZ1t6F6fkgUWe', 'sellerReferral': 'autMW8SgBkVYeBgqYiTuJZnkvDZMVU2MHJh9Jh7CSQ2', 'expiry': -1}"
19,9GLmjW8jpweBEtfE3jbJy3FDJkgeLMY6yTuCLuyrQq9D,25.0,2KJhcoBud1zFLnvGco8n9iEX8V9Jyi9PZ1hiGCGNAkDw,Fbe271LUkJCrk9CryKXoz5sbLSBszRBqNr3fTsYriE9N,solana_money_boys,Solana Money Boys,https://www.arweave.net/Tc0y9UBOGUzZU3WaSX-V93lRKEteCCxwthlPgeCsucw?ext=png,Solana Money Boy #595,building the metaverse,https://www.solanamoneyboys.com,image,"[{'address': '6VrHf4xmhQUMYQtFEUUo6ftUp8soqa81auAuzDhLTtNL', 'verified': 1, 'share': 0}, {'address': 'BwgpxJAFX9wtZSWxp3JUd65aky6a6N8F5xMqBfA39ohL', 'verified': 0, 'share': 100}]",750,9XeN4X1wY6SW8NqY1aAZQMnQ8bt9hMpeJRHSCVG6Bt5v,"[{'trait_type': 'background', 'value': 'teal'}, {'trait_type': 'face', 'value': 'purple'}, {'trait_type': 'shirt', 'value': 'robepinkyellow'}, {'trait_type': 'necklace', 'value': 'transparent1'}, {'trait_type': 'eyes', 'value': 'awake'}, {'trait_type': 'head', 'value': 'halo'}, {'trait_type': 'mouth', 'value': 'tongue'}]","{'files': [{'uri': 'https://www.arweave.net/Tc0y9UBOGUzZU3WaSX-V93lRKEteCCxwthlPgeCsucw?ext=png', 'type': 'image/png'}], 'category': 'image', 'creators': [{'address': 'BwgpxJAFX9wtZSWxp3JUd65aky6a6N8F5xMqBfA39ohL', 'share': 100}]}",1,8bRrTTc1vCR3fuEBhU2Vo5ga5KjLSfrmjpC9JojcEugV,1,{},{'moonrank': {'rank': 2789}},False,"{'auctionHouseKey': 'E8cU1WiRWjanGxmn96ewBgk9vPTcL6AEZ1t6F6fkgUWe', 'sellerReferral': 'autMW8SgBkVYeBgqYiTuJZnkvDZMVU2MHJh9Jh7CSQ2', 'expiry': -1}"
20,5Bn1Ecn6SgYPDvieBPCRhwyF6jZEqmV2JyMou3pZf1BR,25.0,6EF1kgDD2YDyGmvBi8bKNU3ZfBXxsvpgQhZf1ord9gt3,8oa4zPaxHtBvBYyqPQBQKbmKimHwqbGZqSzy5tu6F568,solana_money_boys,Solana Money Boys,https://www.arweave.net/psyVVzJ6C-W51IwnqOITT1dFG3My-IN5Sml1dcMVovo?ext=png,Solana Money Boy #3811,building the metaverse,https://www.solanamoneyboys.com,image,"[{'address': '8aM3QrhMaShisqZAkjY3TiwbLbePA3VWRbaApJgJACK6', 'verified': 1, 'share': 0}, {'address': 'BwgpxJAFX9wtZSWxp3JUd65aky6a6N8F5xMqBfA39ohL', 'verified': 0, 'share': 100}]",750,DA4Kj2NgcmMiXct6qcaiReQXvNvRafPR6NaD9YZxtnXd,"[{'trait_type': 'background', 'value': 'lavender'}, {'trait_type': 'face', 'value': 'purple'}, {'trait_type': 'shirt', 'value': 'backpackpink'}, {'trait_type': 'necklace', 'value': 'transparent1'}, {'trait_type': 'eyes', 'value': 'awake'}, {'trait_type': 'head', 'value': 'dripblue'}, {'trait_type': 'mouth', 'value': 'smile'}]","{'files': [{'uri': 'https://www.arweave.net/psyVVzJ6C-W51IwnqOITT1dFG3My-IN5Sml1dcMVovo?ext=png', 'type': 'image/png'}], 'category': 'image', 'creators': [{'address': 'BwgpxJAFX9wtZSWxp3JUd65aky6a6N8F5xMqBfA39ohL', 'share': 100}]}",1,2Ks7NhvyEuH8FFvw2SUnS8x2ZUYfzMWqpPvpe6MqRAt5,1,{},{'moonrank': {'rank': 3917}},False,"{'auctionHouseKey': 'E8cU1WiRWjanGxmn96ewBgk9vPTcL6AEZ1t6F6fkgUWe', 'sellerReferral': 'autMW8SgBkVYeBgqYiTuJZnkvDZMVU2MHJh9Jh7CSQ2', 'expiry': -1}"
21,BeVrQ8eFrBcJWVBRLKEawh9Mzw3BME1i7PqS8CTDNXP7,25.0,2FEG5sGebaTdmaFDjvH8EpprFhT5tHoVYard2dajSz8Z,4bFeNRUGVqpGJMSHETfJtvzzkLQ2dc1NfRd2dbYHu6eC,solana_money_boys,Solana Money Boys,https://www.arweave.net/gVQ9BxAx2L-IXWwOM7V2ZJmUoVaZs0AvPfi2t-UOVkU?ext=png,Solana Money Boy #794,building the metaverse,https://www.solanamoneyboys.com,image,"[{'address': '6VrHf4xmhQUMYQtFEUUo6ftUp8soqa81auAuzDhLTtNL', 'verified': 1, 'share': 0}, {'address': 'BwgpxJAFX9wtZSWxp3JUd65aky6a6N8F5xMqBfA39ohL', 'verified': 0, 'share': 100}]",750,BB668wGsa6XeLyTrfrcGWMCJn1cpXKqTJNXaRL2ER5L8,"[{'trait_type': 'background', 'value': 'green'}, {'trait_type': 'face', 'value': 'lavender'}, {'trait_type': 'shirt', 'value': 'collargold'}, {'trait_type': 'necklace', 'value': 'transparent1'}, {'trait_type': 'eyes', 'value': 'awake'}, {'trait_type': 'head', 'value': 'drippurple'}, {'trait_type': 'mouth', 'value': 'darkmask3'}]","{'files': [{'uri': 'https://www.arweave.net/gVQ9BxAx2L-IXWwOM7V2ZJmUoVaZs0AvPfi2t-UOVkU?ext=png', 'type': 'image/png'}], 'category': 'image', 'creators': [{'address': 'BwgpxJAFX9wtZSWxp3JUd65aky6a6N8F5xMqBfA39ohL', 'share': 100}]}",1,8bRrTTc1vCR3fuEBhU2Vo5ga5KjLSfrmjpC9JojcEugV,1,{},{'moonrank': {'rank': 2571}},False,"{'auctionHouseKey': 'E8cU1WiRWjanGxmn96ewBgk9vPTcL6AEZ1t6F6fkgUWe', 'sellerReferral': 'autMW8SgBkVYeBgqYiTuJZnkvDZMVU2MHJh9Jh7CSQ2', 'expiry': -1}"
22,2PngDiLfjmTpFwEuZ2iVGP99U4dSr52tqQpUwHUuDQtu,27.0,48v7WHRi5WKzxXptrEJQQMzJbXKWtKFMWTZ2LmciWh36,77acHjkutUR7WTvVeaFg7cdFLNXyhNwnGjEottZTiyje,solana_money_boys,Solana Money Boys,https://www.arweave.net/-iCugnZBkZLW5Dm3Ry6kb_t7w1wXeFpK4iFQmkFnubg?ext=png,Solana Money Boy #3365,building the metaverse,https://www.solanamoneyboys.com,image,"[{'address': '8aM3QrhMaShisqZAkjY3TiwbLbePA3VWRbaApJgJACK6', 'verified': 1, 'share': 0}, {'address': 'BwgpxJAFX9wtZSWxp3JUd65aky6a6N8F5xMqBfA39ohL', 'verified': 0, 'share': 100}]",750,2V1cU9cTQCcacPdBfWxFyTmQ3StXn8b3Nqer2bRPFESM,"[{'trait_type': 'background', 'value': 'green'}, {'trait_type': 'face', 'value': 'pink'}, {'trait_type': 'shirt', 'value': 'collarrainbow1'}, {'trait_type': 'necklace', 'value': 'transparent1'}, {'trait_type': 'eyes', 'value': 'awake'}, {'trait_type': 'head', 'value': 'hatpurple'}, {'trait_type': 'mouth', 'value': 'grin100'}]","{'files': [{'uri': 'https://www.arweave.net/-iCugnZBkZLW5Dm3Ry6kb_t7w1wXeFpK4iFQmkFnubg?ext=png', 'type': 'image/png'}], 'category': 'image', 'creators': [{'address': 'BwgpxJAFX9wtZSWxp3JUd65aky6a6N8F5xMqBfA39ohL', 'share': 100}]}",1,2Ks7NhvyEuH8FFvw2SUnS8x2ZUYfzMWqpPvpe6MqRAt5,1,{},{'moonrank': {'rank': 551}},False,"{'auctionHouseKey': 'E8cU1WiRWjanGxmn96ewBgk9vPTcL6AEZ1t6F6fkgUWe', 'sellerReferral': 'autMW8SgBkVYeBgqYiTuJZnkvDZMVU2MHJh9Jh7CSQ2', 'expiry': -1}"
23,9FVLe9fASrFPV2w2DM4JnKYtfd2TE4Dkiomb6edYkbxh,27.5,FQ7rCV5ifnJgDdGeZeL4G9QLAMDbq6Yb1VUjS1vVFXR3,E4LLtdafRXYEThc9CPaf4igjcdPT8Bgkga8W6h26M11B,solana_money_boys,Solana Money Boys,https://www.arweave.net/euwO16KbCk51FXyTnXAGGAA1n94ERRXu5wVeRP-u-dE?ext=png,Solana Money Boy #256,building the metaverse,https://www.solanamoneyboys.com,image,"[{'address': '6VrHf4xmhQUMYQtFEUUo6ftUp8soqa81auAuzDhLTtNL', 'verified': 1, 'share': 0}, {'address': 'BwgpxJAFX9wtZSWxp3JUd65aky6a6N8F5xMqBfA39ohL', 'verified': 0, 'share': 100}]",750,3HP8MeWnfwsBhekVeWVeU6zdofy3pohrdQtFtUutrS4B,"[{'trait_type': 'background', 'value': 'green'}, {'trait_type': 'face', 'value': 'purple'}, {'trait_type': 'shirt', 'value': 'backpackorangeteal'}, {'trait_type': 'necklace', 'value': 'transparent1'}, {'trait_type': 'eyes', 'value': 'awake'}, {'trait_type': 'head', 'value': 'dripblue'}, {'trait_type': 'mouth', 'value': 'darkmask2'}]","{'files': [{'uri': 'https://www.arweave.net/euwO16KbCk51FXyTnXAGGAA1n94ERRXu5wVeRP-u-dE?ext=png', 'type': 'image/png'}], 'category': 'image', 'creators': [{'address': 'BwgpxJAFX9wtZSWxp3JUd65aky6a6N8F5xMqBfA39ohL', 'share': 100}]}",1,8bRrTTc1vCR3fuEBhU2Vo5ga5KjLSfrmjpC9JojcEugV,1,{},{'moonrank': {'rank': 3399}},False,"{'auctionHouseKey': 'E8cU1WiRWjanGxmn96ewBgk9vPTcL6AEZ1t6F6fkgUWe', 'sellerReferral': 'autMW8SgBkVYeBgqYiTuJZnkvDZMVU2MHJh9Jh7CSQ2', 'expiry': -1}"
24,GBMEmGfES3Usr7u11X1wkQBf9xf2Hc8ooAzga2RN5NkL,28.0,BErpzkwaBCgVEMUifZWyL73AJ8CYiacXLPgJfyHo9aMt,G8yi8GTZUW53gU885MCKc9NRjwkxqgHPom1FZVQWuvyM,solana_money_boys,Solana Money Boys,https://www.arweave.net/enrrcOkxvleoVtQJuS4-w_ef8p25L2ARA1gdCDkQXZI?ext=png,Solana Money Boy #4152,building the metaverse,https://www.solanamoneyboys.com,image,"[{'address': '8aM3QrhMaShisqZAkjY3TiwbLbePA3VWRbaApJgJACK6', 'verified': 1, 'share': 0}, {'address': 'BwgpxJAFX9wtZSWxp3JUd65aky6a6N8F5xMqBfA39ohL', 'verified': 0, 'share': 100}]",750,87RWRL6N5LDFGT84goCv9nGWU8oCxxeFQ9HwgeZrA5j,"[{'trait_type': 'background', 'value': 'teal'}, {'trait_type': 'face', 'value': 'white'}, {'trait_type': 'shirt', 'value': 'collaryellowlavender'}, {'trait_type': 'necklace', 'value': 'transparent1'}, {'trait_type': 'eyes', 'value': 'awake'}, {'trait_type': 'head', 'value': 'halo'}, {'trait_type': 'mouth', 'value': 'gringreen'}]","{'files': [{'uri': 'https://www.arweave.net/enrrcOkxvleoVtQJuS4-w_ef8p25L2ARA1gdCDkQXZI?ext=png', 'type': 'image/png'}], 'category': 'image', 'creators': [{'address': 'BwgpxJAFX9wtZSWxp3JUd65aky6a6N8F5xMqBfA39ohL', 'share': 100}]}",1,2Ks7NhvyEuH8FFvw2SUnS8x2ZUYfzMWqpPvpe6MqRAt5,1,{},{'moonrank': {'rank': 419}},False,"{'auctionHouseKey': 'E8cU1WiRWjanGxmn96ewBgk9vPTcL6AEZ1t6F6fkgUWe', 'sellerReferral': 'autMW8SgBkVYeBgqYiTuJZnkvDZMVU2MHJh9Jh7CSQ2', 'expiry': -1}"
25,CsRoaArZDo4keobYhxoNirJm2gnx4AXnY822T8N7Gb35,28.0,8qAD3BcyspJG5XKJFsJcJaWaagUVHN8Za3ATiCSZsGwV,6pCs22raxzxVRqTehg46bVP3dopJ38XZQCS2zbKPKC45,solana_money_boys,Solana Money Boys,https://www.arweave.net/fum-ucR3y-SH1gvFRc2RBH3WcHWbTHPF7_8NjckX2wc?ext=png,Solana Money Boy #523,building the metaverse,https://www.solanamoneyboys.com,image,"[{'address': '6VrHf4xmhQUMYQtFEUUo6ftUp8soqa81auAuzDhLTtNL', 'verified': 1, 'share': 0}, {'address': 'BwgpxJAFX9wtZSWxp3JUd65aky6a6N8F5xMqBfA39ohL', 'verified': 0, 'share': 100}]",750,AmENrfhNYWUH2AjPRbgcPShKAXpvsxkWdSdxrsPsmSQw,"[{'trait_type': 'background', 'value': 'green'}, {'trait_type': 'face', 'value': 'blue'}, {'trait_type': 'shirt', 'value': 'robegreenyellow'}, {'trait_type': 'necklace', 'value': 'transparent1'}, {'trait_type': 'eyes', 'value': 'awake'}, {'trait_type': 'head', 'value': 'droporange'}, {'trait_type': 'mouth', 'value': 'zigmouthteal'}]","{'files': [{'uri': 'https://www.arweave.net/fum-ucR3y-SH1gvFRc2RBH3WcHWbTHPF7_8NjckX2wc?ext=png', 'type': 'image/png'}], 'category': 'image', 'creators': [{'address': 'BwgpxJAFX9wtZSWxp3JUd65aky6a6N8F5xMqBfA39ohL', 'share': 100}]}",1,8bRrTTc1vCR3fuEBhU2Vo5ga5KjLSfrmjpC9JojcEugV,1,{},{'moonrank': {'rank': 530}},False,"{'auctionHouseKey': 'E8cU1WiRWjanGxmn96ewBgk9vPTcL6AEZ1t6F6fkgUWe', 'sellerReferral': 'autMW8SgBkVYeBgqYiTuJZnkvDZMVU2MHJh9Jh7CSQ2', 'expiry': -1}"
26,BFmkruSCGydocbCztrq7w9MPFNjkQcG7pdhXmcVpNCgT,28.95,8FuLiVP9TzD5az8cRGmo6tMZSE9Ze1ocdeStxmF6Zvno,3EGkG9VDBXz1ny9m2gjNzsogFtMcBhfBCmQstgSAneW2,solana_money_boys,Solana Money Boys,https://www.arweave.net/pKZf6GUqmgKhHS44pduy_-exp15Gec7gWvZ12oulT9g?ext=png,Solana Money Boy #3604,building the metaverse,https://www.solanamoneyboys.com,image,"[{'address': '8aM3QrhMaShisqZAkjY3TiwbLbePA3VWRbaApJgJACK6', 'verified': 1, 'share': 0}, {'address': 'BwgpxJAFX9wtZSWxp3JUd65aky6a6N8F5xMqBfA39ohL', 'verified': 0, 'share': 100}]",750,GeWCQqDVTWXdmCF8iaGn8oU3MWqebSnPAcdXDchDgSc2,"[{'trait_type': 'background', 'value': 'lavender'}, {'trait_type': 'face', 'value': 'blue'}, {'trait_type': 'shirt', 'value': 'robeblueteal'}, {'trait_type': 'necklace', 'value': 'ng'}, {'trait_type': 'eyes', 'value': 'awake'}, {'trait_type': 'head', 'value': 'darkdrop2'}, {'trait_type': 'mouth', 'value': 'moneymouth'}]","{'files': [{'uri': 'https://www.arweave.net/pKZf6GUqmgKhHS44pduy_-exp15Gec7gWvZ12oulT9g?ext=png', 'type': 'image/png'}], 'category': 'image', 'creators': [{'address': 'BwgpxJAFX9wtZSWxp3JUd65aky6a6N8F5xMqBfA39ohL', 'share': 100}]}",1,2Ks7NhvyEuH8FFvw2SUnS8x2ZUYfzMWqpPvpe6MqRAt5,1,{},{'moonrank': {'rank': 1175}},False,"{'auctionHouseKey': 'E8cU1WiRWjanGxmn96ewBgk9vPTcL6AEZ1t6F6fkgUWe', 'sellerReferral': 'autMW8SgBkVYeBgqYiTuJZnkvDZMVU2MHJh9Jh7CSQ2', 'expiry': -1}"
27,CtjBkGK64yvJwhRHv6dgz57mNF3D6ooYBvKcQVhETA12,29.5,Ca9acA5S9HagCdjQTrc7aiiN7roirQQ2QXjK6Pn36VEX,DhXcMarN3UioeKLgCBba1WAUbccyX42qHAFWuNyou9vJ,solana_money_boys,Solana Money Boys,https://www.arweave.net/DqoZjk4ZouUr3UupeKFQd8QAGTSQV-_fYAqorofQW94?ext=png,Solana Money Boy #3757,building the metaverse,https://www.solanamoneyboys.com,image,"[{'address': '8aM3QrhMaShisqZAkjY3TiwbLbePA3VWRbaApJgJACK6', 'verified': 1, 'share': 0}, {'address': 'BwgpxJAFX9wtZSWxp3JUd65aky6a6N8F5xMqBfA39ohL', 'verified': 0, 'share': 100}]",750,8SqS2xFLtRFbGt1CKGUhdEsHNxB1GSfZwRsErcBkzdK2,"[{'trait_type': 'background', 'value': 'teal'}, {'trait_type': 'face', 'value': 'dark'}, {'trait_type': 'shirt', 'value': 'backpackpink'}, {'trait_type': 'necklace', 'value': 'transparent1'}, {'trait_type': 'eyes', 'value': 'chill'}, {'trait_type': 'head', 'value': 'droporange'}, {'trait_type': 'mouth', 'value': 'grinpink'}]","{'files': [{'uri': 'https://www.arweave.net/DqoZjk4ZouUr3UupeKFQd8QAGTSQV-_fYAqorofQW94?ext=png', 'type': 'image/png'}], 'category': 'image', 'creators': [{'address': 'BwgpxJAFX9wtZSWxp3JUd65aky6a6N8F5xMqBfA39ohL', 'share': 100}]}",1,2Ks7NhvyEuH8FFvw2SUnS8x2ZUYfzMWqpPvpe6MqRAt5,1,{},{'moonrank': {'rank': 510}},False,"{'auctionHouseKey': 'E8cU1WiRWjanGxmn96ewBgk9vPTcL6AEZ1t6F6fkgUWe', 'sellerReferral': 'autMW8SgBkVYeBgqYiTuJZnkvDZMVU2MHJh9Jh7CSQ2', 'expiry': -1}"
28,9uTwxWQB3SLRfn3tpW6pLS76NDLFwnhefxuZ7VpF7cK4,30.0,9CutTwiAmHXKtfpb76kT9tqusEx6HeydzpChAyQWeSE5,BhhG2WocpxNRkhjr55nkMjvGrYNKsprHEsYkGnH5hmpu,solana_money_boys,Solana Money Boys,https://www.arweave.net/7s3W674uvq18SCuvLrijZbg4TZtK0K92amf600gTCbA?ext=png,Solana Money Boy #1357,building the metaverse,https://www.solanamoneyboys.com,image,"[{'address': '6XGE4uBTcZCUuRo8X5W9sN4gXq93vGZbKGWEZtMQKGxy', 'verified': 1, 'share': 0}, {'address': 'BwgpxJAFX9wtZSWxp3JUd65aky6a6N8F5xMqBfA39ohL', 'verified': 0, 'share': 100}]",750,7NFVnGSVdqYv6qvJ51PjfpXkHQiRannGFGWKLvSb1pgK,"[{'trait_type': 'background', 'value': 'pink'}, {'trait_type': 'face', 'value': 'dark'}, {'trait_type': 'shirt', 'value': 'hoodielavender'}, {'trait_type': 'necklace', 'value': 'transparent1'}, {'trait_type': 'eyes', 'value': 'awake'}, {'trait_type': 'head', 'value': 'dripblue'}, {'trait_type': 'mouth', 'value': 'darkmask2'}]","{'files': [{'uri': 'https://www.arweave.net/7s3W674uvq18SCuvLrijZbg4TZtK0K92amf600gTCbA?ext=png', 'type': 'image/png'}], 'category': 'image', 'creators': [{'address': 'BwgpxJAFX9wtZSWxp3JUd65aky6a6N8F5xMqBfA39ohL', 'share': 100}]}",1,CvywfuSVev6da9LngjJkFd2y3utrU2W9zvHw8TAmfo9P,1,{},{'moonrank': {'rank': 3420}},False,"{'auctionHouseKey': 'E8cU1WiRWjanGxmn96ewBgk9vPTcL6AEZ1t6F6fkgUWe', 'sellerReferral': 'autMW8SgBkVYeBgqYiTuJZnkvDZMVU2MHJh9Jh7CSQ2', 'expiry': -1}"
29,4asVkBEYQtAx2qp8n7Exgg9gs2EYy7wWWVRhBT9CaqEk,30.0,2ihWbSrEb73Nu4Lv5Y9BHBosbPNdXzUxB2pFpdJuq29t,1UnJUH66vd4i9h8dp8adggiamRSLvywocda3H9eQa35,solana_money_boys,Solana Money Boys,https://www.arweave.net/VWYtFuPjwpEuCtMXOyskSB8NoP1jJppjfphLs8Zz9dU?ext=png,Solana Money Boy #3023,building the metaverse,https://www.solanamoneyboys.com,image,"[{'address': '42eNtgbrbYhQwu7gDtZ1TExj3fyLSh868eaBg9eKPfHQ', 'verified': 1, 'share': 0}, {'address': 'BwgpxJAFX9wtZSWxp3JUd65aky6a6N8F5xMqBfA39ohL', 'verified': 0, 'share': 100}]",750,DvHe4xPyPnwaqewhu5vL6ewm6mS4RWttn9Rc8V3CL3vf,"[{'trait_type': 'background', 'value': 'orange'}, {'trait_type': 'face', 'value': 'green'}, {'trait_type': 'shirt', 'value': 'jacketpurplegreen'}, {'trait_type': 'necklace', 'value': 'transparent1'}, {'trait_type': 'eyes', 'value': 'chill'}, {'trait_type': 'head', 'value': 'hatgreen'}, {'trait_type': 'mouth', 'value': 'skullmouth'}]","{'files': [{'uri': 'https://www.arweave.net/VWYtFuPjwpEuCtMXOyskSB8NoP1jJppjfphLs8Zz9dU?ext=png', 'type': 'image/png'}], 'category': 'image', 'creators': [{'address': 'BwgpxJAFX9wtZSWxp3JUd65aky6a6N8F5xMqBfA39ohL', 'share': 100}]}",1,GN4VCxyGgCY7gQmiZTn8FXvjEWdXQ7xLGqSjhi2zYWPQ,1,{},{'moonrank': {'rank': 1482}},False,"{'auctionHouseKey': 'E8cU1WiRWjanGxmn96ewBgk9vPTcL6AEZ1t6F6fkgUWe', 'sellerReferral': 'autMW8SgBkVYeBgqYiTuJZnkvDZMVU2MHJh9Jh7CSQ2', 'expiry': -1}"
30,8tRgonUXNnXQpxGCCzZjiqZfdrGaU485QqMniy56w1qx,30.0,FvKgj91Td962CXYRuzaadfEJq2cbnkoGQSV2hVQZ4Lw8,EJCpSgfVJVaTnWrbKeFiiycwmH9nW9Zcs5Vc9QhqSN8t,solana_money_boys,Solana Money Boys,https://www.arweave.net/0q5wmHIxKrLxwWJ2PL5kt3l4elTcMZkYn7PH9a5X39s?ext=png,Solana Money Boy #4332,building the metaverse,https://www.solanamoneyboys.com,image,"[{'address': '8aM3QrhMaShisqZAkjY3TiwbLbePA3VWRbaApJgJACK6', 'verified': 1, 'share': 0}, {'address': 'BwgpxJAFX9wtZSWxp3JUd65aky6a6N8F5xMqBfA39ohL', 'verified': 0, 'share': 100}]",750,9KB4evmqhGamBS5FvLXQfaXcpRfWgBv5Y7ucRRQJEx1c,"[{'trait_type': 'background', 'value': 'lavender'}, {'trait_type': 'face', 'value': 'yellow'}, {'trait_type': 'shirt', 'value': 'collaryellowlavender'}, {'trait_type': 'necklace', 'value': 'transparent1'}, {'trait_type': 'eyes', 'value': 'angry'}, {'trait_type': 'head', 'value': 'droporange'}, {'trait_type': 'mouth', 'value': 'darkmask1'}]","{'files': [{'uri': 'https://www.arweave.net/0q5wmHIxKrLxwWJ2PL5kt3l4elTcMZkYn7PH9a5X39s?ext=png', 'type': 'image/png'}], 'category': 'image', 'creators': [{'address': 'BwgpxJAFX9wtZSWxp3JUd65aky6a6N8F5xMqBfA39ohL', 'share': 100}]}",1,2Ks7NhvyEuH8FFvw2SUnS8x2ZUYfzMWqpPvpe6MqRAt5,1,{},{'moonrank': {'rank': 876}},False,"{'auctionHouseKey': 'E8cU1WiRWjanGxmn96ewBgk9vPTcL6AEZ1t6F6fkgUWe', 'sellerReferral': 'autMW8SgBkVYeBgqYiTuJZnkvDZMVU2MHJh9Jh7CSQ2', 'expiry': -1}"
31,97pMWMBhjoWqUhi7otvGdoQjbfyuxT7bRat3vnoiXCjs,30.0,DEtSWaXT2Ty5zWpmgXXRZJic2KRXCnNvgikbGKqBY79y,Gp35KwWK89KcQsYj1iUwAw6HMFbHPDh3yiabZxk42gVW,solana_money_boys,Solana Money Boys,https://www.arweave.net/2WhHzEkxbO_2hLXruxYkvWEKjgFlwaY7ZmJbSvH5hg8?ext=png,Solana Money Boy #3139,building the metaverse,https://www.solanamoneyboys.com,image,"[{'address': '42eNtgbrbYhQwu7gDtZ1TExj3fyLSh868eaBg9eKPfHQ', 'verified': 1, 'share': 0}, {'address': 'BwgpxJAFX9wtZSWxp3JUd65aky6a6N8F5xMqBfA39ohL', 'verified': 0, 'share': 100}]",750,4qvdtUJwr21DRv1iY2E6DgKD8fhu3PhH6tdoKxswDApc,"[{'trait_type': 'background', 'value': 'teal'}, {'trait_type': 'face', 'value': 'light'}, {'trait_type': 'shirt', 'value': 'hoodiepurple'}, {'trait_type': 'necklace', 'value': 'ng'}, {'trait_type': 'eyes', 'value': 'chill'}, {'trait_type': 'head', 'value': 'hatgreen'}, {'trait_type': 'mouth', 'value': 'tongue'}]","{'files': [{'uri': 'https://www.arweave.net/2WhHzEkxbO_2hLXruxYkvWEKjgFlwaY7ZmJbSvH5hg8?ext=png', 'type': 'image/png'}], 'category': 'image', 'creators': [{'address': 'BwgpxJAFX9wtZSWxp3JUd65aky6a6N8F5xMqBfA39ohL', 'share': 100}]}",1,GN4VCxyGgCY7gQmiZTn8FXvjEWdXQ7xLGqSjhi2zYWPQ,1,{},{'moonrank': {'rank': 351}},False,"{'auctionHouseKey': 'E8cU1WiRWjanGxmn96ewBgk9vPTcL6AEZ1t6F6fkgUWe', 'sellerReferral': 'autMW8SgBkVYeBgqYiTuJZnkvDZMVU2MHJh9Jh7CSQ2', 'expiry': -1}"
32,2RM8aQ82JC7xTq15Ufo5d4L2jaq4XG88Le2L6wH2hW8g,30.0,2kdt9pyQfczu5Ucrkwd38eTg7WY1ymjrJcBw4stqhNGf,47DufoXHNx8BNSpsFunUBNJynQUpnT3NKMNe65BSNW9N,solana_money_boys,Solana Money Boys,https://www.arweave.net/-oa8PTsftMYiXqFrI3j5OvYy3Asjhme19EjhtufDOIs?ext=png,Solana Money Boy #3156,building the metaverse,https://www.solanamoneyboys.com,image,"[{'address': '42eNtgbrbYhQwu7gDtZ1TExj3fyLSh868eaBg9eKPfHQ', 'verified': 1, 'share': 0}, {'address': 'BwgpxJAFX9wtZSWxp3JUd65aky6a6N8F5xMqBfA39ohL', 'verified': 0, 'share': 100}]",750,FHFDvpjbbfy2er5vpKathttVdX1aCpDR5x9cTMGppPAf,"[{'trait_type': 'background', 'value': 'green'}, {'trait_type': 'face', 'value': 'lavender'}, {'trait_type': 'shirt', 'value': 'backpackblue'}, {'trait_type': 'necklace', 'value': 'ng'}, {'trait_type': 'eyes', 'value': 'chill'}, {'trait_type': 'head', 'value': 'dripblue'}, {'trait_type': 'mouth', 'value': 'smile'}]","{'files': [{'uri': 'https://www.arweave.net/-oa8PTsftMYiXqFrI3j5OvYy3Asjhme19EjhtufDOIs?ext=png', 'type': 'image/png'}], 'category': 'image', 'creators': [{'address': 'BwgpxJAFX9wtZSWxp3JUd65aky6a6N8F5xMqBfA39ohL', 'share': 100}]}",1,GN4VCxyGgCY7gQmiZTn8FXvjEWdXQ7xLGqSjhi2zYWPQ,1,{},{'moonrank': {'rank': 520}},False,"{'auctionHouseKey': 'E8cU1WiRWjanGxmn96ewBgk9vPTcL6AEZ1t6F6fkgUWe', 'sellerReferral': 'autMW8SgBkVYeBgqYiTuJZnkvDZMVU2MHJh9Jh7CSQ2', 'expiry': -1}"
33,BpzZPuPtgeb3RGBfp55rTmgxLVVrCvsq31wUZq8V8t1B,32.0,A9JhDBd1egJ9tobb1JmSDPiZcWd9gYg7ySaNeWwWnH8w,CAYQpe9Pqdg5ATEBQXTFc95hXJA4dCWbkXYvJbcWZ46t,solana_money_boys,Solana Money Boys,https://www.arweave.net/dCkZFXgGjiiHtIklSlV4mHXhZiOeWcQFaGSW_zStzPY?ext=png,Solana Money Boy #1348,building the metaverse,https://www.solanamoneyboys.com,image,"[{'address': '6XGE4uBTcZCUuRo8X5W9sN4gXq93vGZbKGWEZtMQKGxy', 'verified': 1, 'share': 0}, {'address': 'BwgpxJAFX9wtZSWxp3JUd65aky6a6N8F5xMqBfA39ohL', 'verified': 0, 'share': 100}]",750,HoaEq9XKtwJkJA9LPQRTVztcoUh1sw7L3csSDfnfo6iP,"[{'trait_type': 'background', 'value': 'yellow'}, {'trait_type': 'face', 'value': 'purple'}, {'trait_type': 'shirt', 'value': 'collarrainbow2'}, {'trait_type': 'necklace', 'value': 'transparent1'}, {'trait_type': 'eyes', 'value': 'angry'}, {'trait_type': 'head', 'value': 'hatblue'}, {'trait_type': 'mouth', 'value': 'tongue'}]","{'files': [{'uri': 'https://www.arweave.net/dCkZFXgGjiiHtIklSlV4mHXhZiOeWcQFaGSW_zStzPY?ext=png', 'type': 'image/png'}], 'category': 'image', 'creators': [{'address': 'BwgpxJAFX9wtZSWxp3JUd65aky6a6N8F5xMqBfA39ohL', 'share': 100}]}",1,CvywfuSVev6da9LngjJkFd2y3utrU2W9zvHw8TAmfo9P,1,{},{'moonrank': {'rank': 564}},False,"{'auctionHouseKey': 'E8cU1WiRWjanGxmn96ewBgk9vPTcL6AEZ1t6F6fkgUWe', 'sellerReferral': 'autMW8SgBkVYeBgqYiTuJZnkvDZMVU2MHJh9Jh7CSQ2', 'expiry': -1}"
34,HfkjSvuTHMKntPNdzN8TUz5heV5Kz8WxRRGe2WWucXub,32.0,BnELz3uMkTLptZyL6vZq975Ncddik8LyVi8n8NBwF8m3,2KR1A9C9CDeyd3uAhqEy4R8rvbjNYyWc7S6X4Z64bJgf,solana_money_boys,Solana Money Boys,https://www.arweave.net/b5YZf2I_LGWG5eVzNk0GYxODFhEvoQLcZqdN6OGFrBo?ext=png,Solana Money Boy #209,building the metaverse,https://www.solanamoneyboys.com,image,"[{'address': '6VrHf4xmhQUMYQtFEUUo6ftUp8soqa81auAuzDhLTtNL', 'verified': 1, 'share': 0}, {'address': 'BwgpxJAFX9wtZSWxp3JUd65aky6a6N8F5xMqBfA39ohL', 'verified': 0, 'share': 100}]",750,3PebbbvCLxYUz6f21XJ8BhfvWNfGpZad6ASz4MwFN5pg,"[{'trait_type': 'background', 'value': 'teal'}, {'trait_type': 'face', 'value': 'pink'}, {'trait_type': 'shirt', 'value': 'jackettealpink'}, {'trait_type': 'necklace', 'value': 'ng'}, {'trait_type': 'eyes', 'value': 'awake'}, {'trait_type': 'head', 'value': 'dropblue'}, {'trait_type': 'mouth', 'value': 'darkmask2'}]","{'files': [{'uri': 'https://www.arweave.net/b5YZf2I_LGWG5eVzNk0GYxODFhEvoQLcZqdN6OGFrBo?ext=png', 'type': 'image/png'}], 'category': 'image', 'creators': [{'address': 'BwgpxJAFX9wtZSWxp3JUd65aky6a6N8F5xMqBfA39ohL', 'share': 100}]}",1,8bRrTTc1vCR3fuEBhU2Vo5ga5KjLSfrmjpC9JojcEugV,1,{},{'moonrank': {'rank': 989}},False,"{'auctionHouseKey': 'E8cU1WiRWjanGxmn96ewBgk9vPTcL6AEZ1t6F6fkgUWe', 'sellerReferral': 'autMW8SgBkVYeBgqYiTuJZnkvDZMVU2MHJh9Jh7CSQ2', 'expiry': -1}"
35,Cn8kNX2f4oc8TFos8fUUJhY8hiYNEuJhs4bgD58ZUqRs,33.3,5bJZNr368tpaAHr8CWPC7BcomHrQow4fBTPpeTrWAdnj,4rv2DX3ZbugLhbHuutSMHri8knXGm4aTYK1wVRUz2Lgk,solana_money_boys,Solana Money Boys,https://www.arweave.net/-P-Hp7q6cNYkEhCK9Ula5yrG201DXEqFUI62W_zC-S0?ext=png,Solana Money Boy #613,building the metaverse,https://www.solanamoneyboys.com,image,"[{'address': '6VrHf4xmhQUMYQtFEUUo6ftUp8soqa81auAuzDhLTtNL', 'verified': 1, 'share': 0}, {'address': 'BwgpxJAFX9wtZSWxp3JUd65aky6a6N8F5xMqBfA39ohL', 'verified': 0, 'share': 100}]",750,82Wo8RUSeGZfHdxHYcuANePfQGaBaqWvDht4kEF3RHub,"[{'trait_type': 'background', 'value': 'lavender'}, {'trait_type': 'face', 'value': 'yellow'}, {'trait_type': 'shirt', 'value': 'collarrainbow1'}, {'trait_type': 'necklace', 'value': 'transparent1'}, {'trait_type': 'eyes', 'value': 'awake'}, {'trait_type': 'head', 'value': 'drippurple'}, {'trait_type': 'mouth', 'value': 'darkmask2'}]","{'files': [{'uri': 'https://www.arweave.net/-P-Hp7q6cNYkEhCK9Ula5yrG201DXEqFUI62W_zC-S0?ext=png', 'type': 'image/png'}], 'category': 'image', 'creators': [{'address': 'BwgpxJAFX9wtZSWxp3JUd65aky6a6N8F5xMqBfA39ohL', 'share': 100}]}",1,8bRrTTc1vCR3fuEBhU2Vo5ga5KjLSfrmjpC9JojcEugV,1,{},{'moonrank': {'rank': 3004}},False,"{'auctionHouseKey': 'E8cU1WiRWjanGxmn96ewBgk9vPTcL6AEZ1t6F6fkgUWe', 'sellerReferral': 'autMW8SgBkVYeBgqYiTuJZnkvDZMVU2MHJh9Jh7CSQ2', 'expiry': -1}"
36,FTCtNHm3eoXN49b8zE7DFVCr8AzN9z8XN5ijqo8ztWyp,34.0,Ea8o6Hcx1bZ6LxgeqZH8d7T4YnEHpjzFKCjy6kB2Jda9,FtnT5WtFf68UTxQNsAXDzPL1mmRfrcJtEWVN6K8x8jb5,solana_money_boys,Solana Money Boys,https://www.arweave.net/YIm813Hbn20hEl9g6thO2CU9e0ECgFYgVUsXPYGUncQ?ext=png,Solana Money Boy #4118,building the metaverse,https://www.solanamoneyboys.com,image,"[{'address': '8aM3QrhMaShisqZAkjY3TiwbLbePA3VWRbaApJgJACK6', 'verified': 1, 'share': 0}, {'address': 'BwgpxJAFX9wtZSWxp3JUd65aky6a6N8F5xMqBfA39ohL', 'verified': 0, 'share': 100}]",750,8Sa5gYKJw4SUat891VihEuz6WcG5Wp5Us1GisgyyiBUn,"[{'trait_type': 'background', 'value': 'yellow'}, {'trait_type': 'face', 'value': 'lavender'}, {'trait_type': 'shirt', 'value': 'jacketpurplegreen'}, {'trait_type': 'necklace', 'value': 'transparent1'}, {'trait_type': 'eyes', 'value': 'awake'}, {'trait_type': 'head', 'value': 'hatblue'}, {'trait_type': 'mouth', 'value': 'skullmouth'}]","{'files': [{'uri': 'https://www.arweave.net/YIm813Hbn20hEl9g6thO2CU9e0ECgFYgVUsXPYGUncQ?ext=png', 'type': 'image/png'}], 'category': 'image', 'creators': [{'address': 'BwgpxJAFX9wtZSWxp3JUd65aky6a6N8F5xMqBfA39ohL', 'share': 100}]}",1,2Ks7NhvyEuH8FFvw2SUnS8x2ZUYfzMWqpPvpe6MqRAt5,1,{},{'moonrank': {'rank': 2050}},False,"{'auctionHouseKey': 'E8cU1WiRWjanGxmn96ewBgk9vPTcL6AEZ1t6F6fkgUWe', 'sellerReferral': 'autMW8SgBkVYeBgqYiTuJZnkvDZMVU2MHJh9Jh7CSQ2', 'expiry': -1}"
37,3D6NhNjVB4pectp8adYjKdzNMhwqZfg2rEnGYLJetD6q,35.0,4WB2VWfbXf3d2BuyWZwhXhqHo7YQF7kCAiRgjYTnK3o7,5omg2xoF2ADBo4TW23ydqHX4W1TFrt8c4VHgdFkYJgoB,solana_money_boys,Solana Money Boys,https://www.arweave.net/gwDUHlaoJ6mQ9KL1hjPw2h5Pd2xkl8Se1cU1gdnhAtY?ext=png,Solana Money Boy #3536,building the metaverse,https://www.solanamoneyboys.com,image,"[{'address': '8aM3QrhMaShisqZAkjY3TiwbLbePA3VWRbaApJgJACK6', 'verified': 1, 'share': 0}, {'address': 'BwgpxJAFX9wtZSWxp3JUd65aky6a6N8F5xMqBfA39ohL', 'verified': 0, 'share': 100}]",750,CP7t2s7AKPUqREqbrn9vHGV4EXJqneURjytv8zA2CDzG,"[{'trait_type': 'background', 'value': 'blue'}, {'trait_type': 'face', 'value': 'light'}, {'trait_type': 'shirt', 'value': 'collargold'}, {'trait_type': 'necklace', 'value': 'transparent1'}, {'trait_type': 'eyes', 'value': 'awake'}, {'trait_type': 'head', 'value': 'darkdrop'}, {'trait_type': 'mouth', 'value': 'moneymouth'}]","{'files': [{'uri': 'https://www.arweave.net/gwDUHlaoJ6mQ9KL1hjPw2h5Pd2xkl8Se1cU1gdnhAtY?ext=png', 'type': 'image/png'}], 'category': 'image', 'creators': [{'address': 'BwgpxJAFX9wtZSWxp3JUd65aky6a6N8F5xMqBfA39ohL', 'share': 100}]}",1,2Ks7NhvyEuH8FFvw2SUnS8x2ZUYfzMWqpPvpe6MqRAt5,1,{},{'moonrank': {'rank': 2987}},False,"{'auctionHouseKey': 'E8cU1WiRWjanGxmn96ewBgk9vPTcL6AEZ1t6F6fkgUWe', 'sellerReferral': 'autMW8SgBkVYeBgqYiTuJZnkvDZMVU2MHJh9Jh7CSQ2', 'expiry': -1}"
38,3nduxsssWqiLfepk2Br9KrSiXD9YGuEheuTruYsCHHFR,35.0,D1wY5aTyHf7YuDTJKjLnr9CeTPTY7zJV7hoBK8VzyiMS,2aq8gSNt4RNKyM7Ht2SCV16ZQJACmPvLY7aPjaTaXgBG,solana_money_boys,Solana Money Boys,https://www.arweave.net/BFeaEPhdJA5419P7lRa4cPDoSW52XDyTiuIT2kgqxsI?ext=png,Solana Money Boy #980,building the metaverse,https://www.solanamoneyboys.com,image,"[{'address': '6VrHf4xmhQUMYQtFEUUo6ftUp8soqa81auAuzDhLTtNL', 'verified': 1, 'share': 0}, {'address': 'BwgpxJAFX9wtZSWxp3JUd65aky6a6N8F5xMqBfA39ohL', 'verified': 0, 'share': 100}]",750,DVMmVn4ZZ5yQJX5Vi3pPpzrfc8uSs9axEX3VbsZtqC4X,"[{'trait_type': 'background', 'value': 'pink'}, {'trait_type': 'face', 'value': 'blue'}, {'trait_type': 'shirt', 'value': 'collaryellowlavender'}, {'trait_type': 'necklace', 'value': 'ng'}, {'trait_type': 'eyes', 'value': 'awake'}, {'trait_type': 'head', 'value': 'droporange'}, {'trait_type': 'mouth', 'value': 'zigmouthpurple'}]","{'files': [{'uri': 'https://www.arweave.net/BFeaEPhdJA5419P7lRa4cPDoSW52XDyTiuIT2kgqxsI?ext=png', 'type': 'image/png'}], 'category': 'image', 'creators': [{'address': 'BwgpxJAFX9wtZSWxp3JUd65aky6a6N8F5xMqBfA39ohL', 'share': 100}]}",1,8bRrTTc1vCR3fuEBhU2Vo5ga5KjLSfrmjpC9JojcEugV,1,{},{'moonrank': {'rank': 42}},False,"{'auctionHouseKey': 'E8cU1WiRWjanGxmn96ewBgk9vPTcL6AEZ1t6F6fkgUWe', 'sellerReferral': 'autMW8SgBkVYeBgqYiTuJZnkvDZMVU2MHJh9Jh7CSQ2', 'expiry': -1}"
39,BG2LivMvhuPYpV4eEd53RMGbN1YBBEXj4XeavSq88zJR,40.0,CbMJjTo5q5tSJYV6Usruvx6gkUJNC3mTqLcQwVsXjVdu,9J37G9wKxgqvENeDJCimECaVV6H9TkyZr6XphJ84J6Au,solana_money_boys,Solana Money Boys,https://www.arweave.net/bR6CBYw89_CRvTdJmUNk4nPank0L2JiBEnjL7tUwuLM?ext=png,Solana Money Boy #1106,building the metaverse,https://www.solanamoneyboys.com,image,"[{'address': '6VrHf4xmhQUMYQtFEUUo6ftUp8soqa81auAuzDhLTtNL', 'verified': 1, 'share': 0}, {'address': 'BwgpxJAFX9wtZSWxp3JUd65aky6a6N8F5xMqBfA39ohL', 'verified': 0, 'share': 100}]",750,Bdc7B395BqSq66aemGGfJCf8v1mrL5NR7KhJN2jteFbb,"[{'trait_type': 'background', 'value': 'purple'}, {'trait_type': 'face', 'value': 'lavender'}, {'trait_type': 'shirt', 'value': 'backpackgreen'}, {'trait_type': 'necklace', 'value': 'transparent1'}, {'trait_type': 'eyes', 'value': 'chill'}, {'trait_type': 'head', 'value': 'hatorange'}, {'trait_type': 'mouth', 'value': 'tongue'}]","{'files': [{'uri': 'https://www.arweave.net/bR6CBYw89_CRvTdJmUNk4nPank0L2JiBEnjL7tUwuLM?ext=png', 'type': 'image/png'}], 'category': 'image', 'creators': [{'address': 'BwgpxJAFX9wtZSWxp3JUd65aky6a6N8F5xMqBfA39ohL', 'share': 100}]}",1,8bRrTTc1vCR3fuEBhU2Vo5ga5KjLSfrmjpC9JojcEugV,1,{},{'moonrank': {'rank': 2157}},False,"{'auctionHouseKey': 'E8cU1WiRWjanGxmn96ewBgk9vPTcL6AEZ1t6F6fkgUWe', 'sellerReferral': 'autMW8SgBkVYeBgqYiTuJZnkvDZMVU2MHJh9Jh7CSQ2', 'expiry': -1}"
40,Gas6nimPuJWTUsiaNtvYatokhFAvABadvjhFbMf5mAtJ,40.0,DipP2kD2NMjqahZpub6WAA1oqViQtx1k6dnAPLfv8TiS,7yDZKjhX8oMrBpZx11kx4GoAXPHhMBicpMHjNmT9mPRZ,solana_money_boys,Solana Money Boys,https://www.arweave.net/37hI3dChjA6q_lYm59dlXUKNtF7L47aDihTe3M8rmvQ?ext=png,Solana Money Boy #3004,building the metaverse,https://www.solanamoneyboys.com,image,"[{'address': '42eNtgbrbYhQwu7gDtZ1TExj3fyLSh868eaBg9eKPfHQ', 'verified': 1, 'share': 0}, {'address': 'BwgpxJAFX9wtZSWxp3JUd65aky6a6N8F5xMqBfA39ohL', 'verified': 0, 'share': 100}]",750,EsFbficqa1jDxqUHKSTMeRaGBdUYvQoaYMtMmsvpKz9u,"[{'trait_type': 'background', 'value': 'teal'}, {'trait_type': 'face', 'value': 'orange'}, {'trait_type': 'shirt', 'value': 'hoodieblue'}, {'trait_type': 'necklace', 'value': 'transparent1'}, {'trait_type': 'eyes', 'value': 'chill'}, {'trait_type': 'head', 'value': 'hatblue'}, {'trait_type': 'mouth', 'value': 'smokepink'}]","{'files': [{'uri': 'https://www.arweave.net/37hI3dChjA6q_lYm59dlXUKNtF7L47aDihTe3M8rmvQ?ext=png', 'type': 'image/png'}], 'category': 'image', 'creators': [{'address': 'BwgpxJAFX9wtZSWxp3JUd65aky6a6N8F5xMqBfA39ohL', 'share': 100}]}",1,GN4VCxyGgCY7gQmiZTn8FXvjEWdXQ7xLGqSjhi2zYWPQ,1,{},{'moonrank': {'rank': 225}},False,"{'auctionHouseKey': 'E8cU1WiRWjanGxmn96ewBgk9vPTcL6AEZ1t6F6fkgUWe', 'sellerReferral': 'autMW8SgBkVYeBgqYiTuJZnkvDZMVU2MHJh9Jh7CSQ2', 'expiry': -1}"
41,AmkGz1DQ9mYey2xrBdsYoUkDuFjTGepBBuawgGH4VMZ9,42.0,72Js3hgv5sUhvWfxKBFwsJE2pnefDnL5DNm955PGEWB1,4BMD879eyMKq7Sm1voSHJFACqQsPEATGTWXwCJLYjH7n,solana_money_boys,Solana Money Boys,https://www.arweave.net/QbE0skiJGcwvnlMkah9GgN_jSzDZhZL9TbGWtjHK_TI?ext=png,Solana Money Boy #486,building the metaverse,https://www.solanamoneyboys.com,image,"[{'address': '6VrHf4xmhQUMYQtFEUUo6ftUp8soqa81auAuzDhLTtNL', 'verified': 1, 'share': 0}, {'address': 'BwgpxJAFX9wtZSWxp3JUd65aky6a6N8F5xMqBfA39ohL', 'verified': 0, 'share': 100}]",750,5T4wS61AUogbhEPNrRoecxT91kz6KCiQ8EjVmieGhKUT,"[{'trait_type': 'background', 'value': 'teal'}, {'trait_type': 'face', 'value': 'teal'}, {'trait_type': 'shirt', 'value': 'backpackpurpleyellow'}, {'trait_type': 'necklace', 'value': 'transparent1'}, {'trait_type': 'eyes', 'value': 'awake'}, {'trait_type': 'head', 'value': 'droporange'}, {'trait_type': 'mouth', 'value': 'smoketeallavender'}]","{'files': [{'uri': 'https://www.arweave.net/QbE0skiJGcwvnlMkah9GgN_jSzDZhZL9TbGWtjHK_TI?ext=png', 'type': 'image/png'}], 'category': 'image', 'creators': [{'address': 'BwgpxJAFX9wtZSWxp3JUd65aky6a6N8F5xMqBfA39ohL', 'share': 100}]}",1,8bRrTTc1vCR3fuEBhU2Vo5ga5KjLSfrmjpC9JojcEugV,1,{},{'moonrank': {'rank': 683}},False,"{'auctionHouseKey': 'E8cU1WiRWjanGxmn96ewBgk9vPTcL6AEZ1t6F6fkgUWe', 'sellerReferral': 'autMW8SgBkVYeBgqYiTuJZnkvDZMVU2MHJh9Jh7CSQ2', 'expiry': -1}"
42,5FJ5PFiqHSpygXJhvdZkFxWGZ3Z1Jw2YUGJFNYSKUn3Z,42.0,2awVQRw5eGkfUV3Td71RTwSowXM2ASJhV2njwFLvbjiS,27EVSUNfUqLQRWkjRGqWmQG3vSideX8r5bHGXY5tTNWP,solana_money_boys,Solana Money Boys,https://www.arweave.net/J17XJbjhOL-W22FCHoKyu3uy_QunlP8HG68sRbmKuks?ext=png,Solana Money Boy #1012,building the metaverse,https://www.solanamoneyboys.com,image,"[{'address': '6VrHf4xmhQUMYQtFEUUo6ftUp8soqa81auAuzDhLTtNL', 'verified': 1, 'share': 0}, {'address': 'BwgpxJAFX9wtZSWxp3JUd65aky6a6N8F5xMqBfA39ohL', 'verified': 0, 'share': 100}]",750,8ZroeJbwCJn5gKqjLNqb2JcX7wBSj8FP8PDxMywVgS7Z,"[{'trait_type': 'background', 'value': 'purple'}, {'trait_type': 'face', 'value': 'green'}, {'trait_type': 'shirt', 'value': 'robeking'}, {'trait_type': 'necklace', 'value': 'transparent1'}, {'trait_type': 'eyes', 'value': 'angry'}, {'trait_type': 'head', 'value': 'dripblue'}, {'trait_type': 'mouth', 'value': 'tongue'}]","{'files': [{'uri': 'https://www.arweave.net/J17XJbjhOL-W22FCHoKyu3uy_QunlP8HG68sRbmKuks?ext=png', 'type': 'image/png'}], 'category': 'image', 'creators': [{'address': 'BwgpxJAFX9wtZSWxp3JUd65aky6a6N8F5xMqBfA39ohL', 'share': 100}]}",1,8bRrTTc1vCR3fuEBhU2Vo5ga5KjLSfrmjpC9JojcEugV,1,{},{'moonrank': {'rank': 60}},False,"{'auctionHouseKey': 'E8cU1WiRWjanGxmn96ewBgk9vPTcL6AEZ1t6F6fkgUWe', 'sellerReferral': 'autMW8SgBkVYeBgqYiTuJZnkvDZMVU2MHJh9Jh7CSQ2', 'expiry': -1}"
43,FNmQR92qgee6PAqGHaTn5x1aVegTy6THAhZe3TbgrHFb,48.5,7im9asMS6XLH4XpZKZob7qR7Vco3iEpYaCQbwPbKMdpb,3eSQxfzf3PfBYgDA2eB5i9D31wzPwp8pC5BLu9dWQRy6,solana_money_boys,Solana Money Boys,https://www.arweave.net/zocVggQlmPVzOz0bD7AAiBi7SEyvGaU5_ZGeQt6P0Bw?ext=png,Solana Money Boy #750,building the metaverse,https://www.solanamoneyboys.com,image,"[{'address': '6VrHf4xmhQUMYQtFEUUo6ftUp8soqa81auAuzDhLTtNL', 'verified': 1, 'share': 0}, {'address': 'BwgpxJAFX9wtZSWxp3JUd65aky6a6N8F5xMqBfA39ohL', 'verified': 0, 'share': 100}]",750,HRHJfmSDMhqqMaPrfZvJsG3Nrpj5cvKazUV6JBj8pYV8,"[{'trait_type': 'background', 'value': 'purple'}, {'trait_type': 'face', 'value': 'dark'}, {'trait_type': 'shirt', 'value': 'robeblueteal'}, {'trait_type': 'necklace', 'value': 'transparent1'}, {'trait_type': 'eyes', 'value': 'awake'}, {'trait_type': 'head', 'value': 'drippurple'}, {'trait_type': 'mouth', 'value': 'smile'}]","{'files': [{'uri': 'https://www.arweave.net/zocVggQlmPVzOz0bD7AAiBi7SEyvGaU5_ZGeQt6P0Bw?ext=png', 'type': 'image/png'}], 'category': 'image', 'creators': [{'address': 'BwgpxJAFX9wtZSWxp3JUd65aky6a6N8F5xMqBfA39ohL', 'share': 100}]}",1,8bRrTTc1vCR3fuEBhU2Vo5ga5KjLSfrmjpC9JojcEugV,1,{},{'moonrank': {'rank': 2736}},False,"{'auctionHouseKey': 'E8cU1WiRWjanGxmn96ewBgk9vPTcL6AEZ1t6F6fkgUWe', 'sellerReferral': 'autMW8SgBkVYeBgqYiTuJZnkvDZMVU2MHJh9Jh7CSQ2', 'expiry': -1}"
44,61LcTMSCPx4sFPaDrj2np6WtFLxJ1Wq5KmZnoVs4h6Mj,49.0,52pLzA3AEYrgLocdYeDpuUrT4J9zCCE4L7pwPBj6FyJE,HPC4XqF1M5wfYwxSpfcZMMGFKRJ3EBduvCY3n6ADCnA9,solana_money_boys,Solana Money Boys,https://www.arweave.net/jnjA5B_jCTt4aUGDBDBGhvPKJrF-2N5_D5Gqb93YbPE?ext=png,Solana Money Boy #3904,building the metaverse,https://www.solanamoneyboys.com,image,"[{'address': '8aM3QrhMaShisqZAkjY3TiwbLbePA3VWRbaApJgJACK6', 'verified': 1, 'share': 0}, {'address': 'BwgpxJAFX9wtZSWxp3JUd65aky6a6N8F5xMqBfA39ohL', 'verified': 0, 'share': 100}]",750,Go1hKThTTPECzpbbU7NAzVdMxkgZvf1CUseindS4MCnr,"[{'trait_type': 'background', 'value': 'yellow'}, {'trait_type': 'face', 'value': 'purple'}, {'trait_type': 'shirt', 'value': 'hoodieblue'}, {'trait_type': 'necklace', 'value': 'transparent1'}, {'trait_type': 'eyes', 'value': 'chill'}, {'trait_type': 'head', 'value': 'halopurple'}, {'trait_type': 'mouth', 'value': 'smile'}]","{'files': [{'uri': 'https://www.arweave.net/jnjA5B_jCTt4aUGDBDBGhvPKJrF-2N5_D5Gqb93YbPE?ext=png', 'type': 'image/png'}], 'category': 'image', 'creators': [{'address': 'BwgpxJAFX9wtZSWxp3JUd65aky6a6N8F5xMqBfA39ohL', 'share': 100}]}",1,2Ks7NhvyEuH8FFvw2SUnS8x2ZUYfzMWqpPvpe6MqRAt5,1,{},{'moonrank': {'rank': 1074}},False,"{'auctionHouseKey': 'E8cU1WiRWjanGxmn96ewBgk9vPTcL6AEZ1t6F6fkgUWe', 'sellerReferral': 'autMW8SgBkVYeBgqYiTuJZnkvDZMVU2MHJh9Jh7CSQ2', 'expiry': -1}"
45,Ewe9KUsfFnBXdAYRbMveZRQYAHeyoLemALx4LaxJZZXF,50.0,7588hJZWZcyZWVRmaZ8zDjdgBoageqYQ21X8ymTmtNyp,9yK5kAA4iRodZLxEC5JGCPBGi5XnFfhpjaJkGzwKT352,solana_money_boys,Solana Money Boys,https://www.arweave.net/KBye0wC69yAhKHYEBy2Hi8jcSTxa1rX2OfgR_Clcuwk?ext=png,Solana Money Boy #1233,building the metaverse,https://www.solanamoneyboys.com,image,"[{'address': '6XGE4uBTcZCUuRo8X5W9sN4gXq93vGZbKGWEZtMQKGxy', 'verified': 1, 'share': 0}, {'address': 'BwgpxJAFX9wtZSWxp3JUd65aky6a6N8F5xMqBfA39ohL', 'verified': 0, 'share': 100}]",750,HsZERk1dbmBwej78cGuwxxuiepMQSpTKRb2rTBCiBPK1,"[{'trait_type': 'background', 'value': 'white'}, {'trait_type': 'face', 'value': 'green'}, {'trait_type': 'shirt', 'value': 'backpackpurpleyellow'}, {'trait_type': 'necklace', 'value': 'transparent1'}, {'trait_type': 'eyes', 'value': 'awake'}, {'trait_type': 'head', 'value': 'haloteal'}, {'trait_type': 'mouth', 'value': 'darkmask3'}]","{'files': [{'uri': 'https://www.arweave.net/KBye0wC69yAhKHYEBy2Hi8jcSTxa1rX2OfgR_Clcuwk?ext=png', 'type': 'image/png'}], 'category': 'image', 'creators': [{'address': 'BwgpxJAFX9wtZSWxp3JUd65aky6a6N8F5xMqBfA39ohL', 'share': 100}]}",1,CvywfuSVev6da9LngjJkFd2y3utrU2W9zvHw8TAmfo9P,1,{},{'moonrank': {'rank': 797}},False,"{'auctionHouseKey': 'E8cU1WiRWjanGxmn96ewBgk9vPTcL6AEZ1t6F6fkgUWe', 'sellerReferral': 'autMW8SgBkVYeBgqYiTuJZnkvDZMVU2MHJh9Jh7CSQ2', 'expiry': -1}"
46,GHjST1RbEfgfNCgjnMFjZ1CdogCfKwxyvtTru3cUWRfu,50.0,24PVZ1WoJdKoz4XSJModbJpNR2umsgG3Xqr9kN4FyBuA,2432qh9KMJu86uY1SVHz7tDGJSaZWHtuMJgKChK4KoUb,solana_money_boys,Solana Money Boys,https://www.arweave.net/nsn12nmPdi8QK8L9cQmmwSR2s5LZ6Kosb4MKuNybmg4?ext=png,Solana Money Boy #2666,building the metaverse,https://www.solanamoneyboys.com,image,"[{'address': '42eNtgbrbYhQwu7gDtZ1TExj3fyLSh868eaBg9eKPfHQ', 'verified': 1, 'share': 0}, {'address': 'BwgpxJAFX9wtZSWxp3JUd65aky6a6N8F5xMqBfA39ohL', 'verified': 0, 'share': 100}]",750,Cx9cfdxRtR9tzFu6ySw6ohLxi1vyzxxg6r9xyRSbx7JK,"[{'trait_type': 'background', 'value': 'lavender'}, {'trait_type': 'face', 'value': 'orange'}, {'trait_type': 'shirt', 'value': 'robeblueteal'}, {'trait_type': 'necklace', 'value': 'ng'}, {'trait_type': 'eyes', 'value': 'chill'}, {'trait_type': 'head', 'value': 'hatpurple'}, {'trait_type': 'mouth', 'value': 'tonguegreen'}]","{'files': [{'uri': 'https://www.arweave.net/nsn12nmPdi8QK8L9cQmmwSR2s5LZ6Kosb4MKuNybmg4?ext=png', 'type': 'image/png'}], 'category': 'image', 'creators': [{'address': 'BwgpxJAFX9wtZSWxp3JUd65aky6a6N8F5xMqBfA39ohL', 'share': 100}]}",1,GN4VCxyGgCY7gQmiZTn8FXvjEWdXQ7xLGqSjhi2zYWPQ,1,{},{'moonrank': {'rank': 69}},False,"{'auctionHouseKey': 'E8cU1WiRWjanGxmn96ewBgk9vPTcL6AEZ1t6F6fkgUWe', 'sellerReferral': 'autMW8SgBkVYeBgqYiTuJZnkvDZMVU2MHJh9Jh7CSQ2', 'expiry': -1}"
47,Dmxu7xix67hJWRZtTaDFYU9K4Yb4hoxjquUYHLzjzFDJ,50.0,m3TVvqWxMUn8GwSgTLMP9SMriceubvYWch18z7yLVMT,CX6ke9twevSRf4Z6pPP4rN3r28LinGUrDnzzvtpgpTfu,solana_money_boys,Solana Money Boys,https://www.arweave.net/TBc41bnTNgo34_1LV39s9lkS8ge8zo9RibjoyX-oJeY?ext=png,Solana Money Boy #804,building the metaverse,https://www.solanamoneyboys.com,image,"[{'address': '6VrHf4xmhQUMYQtFEUUo6ftUp8soqa81auAuzDhLTtNL', 'verified': 1, 'share': 0}, {'address': 'BwgpxJAFX9wtZSWxp3JUd65aky6a6N8F5xMqBfA39ohL', 'verified': 0, 'share': 100}]",750,6nmHhJRydqp311tPHAiRHkoRfDH2KFwq1PbGUoccxR9K,"[{'trait_type': 'background', 'value': 'orange'}, {'trait_type': 'face', 'value': 'orange'}, {'trait_type': 'shirt', 'value': 'robepinkyellow'}, {'trait_type': 'necklace', 'value': 'transparent1'}, {'trait_type': 'eyes', 'value': 'chill'}, {'trait_type': 'head', 'value': 'bald'}, {'trait_type': 'mouth', 'value': 'darkmask1'}]","{'files': [{'uri': 'https://www.arweave.net/TBc41bnTNgo34_1LV39s9lkS8ge8zo9RibjoyX-oJeY?ext=png', 'type': 'image/png'}], 'category': 'image', 'creators': [{'address': 'BwgpxJAFX9wtZSWxp3JUd65aky6a6N8F5xMqBfA39ohL', 'share': 100}]}",1,8bRrTTc1vCR3fuEBhU2Vo5ga5KjLSfrmjpC9JojcEugV,1,{},{'moonrank': {'rank': 2609}},False,"{'auctionHouseKey': 'E8cU1WiRWjanGxmn96ewBgk9vPTcL6AEZ1t6F6fkgUWe', 'sellerReferral': 'autMW8SgBkVYeBgqYiTuJZnkvDZMVU2MHJh9Jh7CSQ2', 'expiry': -1}"
48,BdbaCf9uKUWZwjNAmB4NQfeHHM9afnhFUBd79eWTomd7,50.0,A1kWvAN1SADRRw4MoBCWYRpBgRmDuLECoFScJ2MwTCqW,B4HMPse5ZrHn51QmTk5SVKrNgtceHGow3qSVURGRyh5e,solana_money_boys,Solana Money Boys,https://www.arweave.net/G3Z9-hBH7yP737cV2HatN4nAugXf-LCX6xpzH7zvACA?ext=png,Solana Money Boy #4187,building the metaverse,https://www.solanamoneyboys.com,image,"[{'address': '8aM3QrhMaShisqZAkjY3TiwbLbePA3VWRbaApJgJACK6', 'verified': 1, 'share': 0}, {'address': 'BwgpxJAFX9wtZSWxp3JUd65aky6a6N8F5xMqBfA39ohL', 'verified': 0, 'share': 100}]",750,8qDYJzQUodE7czCXSzGJhdX4oPsLSVsH8xg1SWev29cg,"[{'trait_type': 'background', 'value': 'yellow'}, {'trait_type': 'face', 'value': 'pink'}, {'trait_type': 'shirt', 'value': 'robeking'}, {'trait_type': 'necklace', 'value': 'transparent1'}, {'trait_type': 'eyes', 'value': 'awake'}, {'trait_type': 'head', 'value': 'dripgreen'}, {'trait_type': 'mouth', 'value': 'grinpink'}]","{'files': [{'uri': 'https://www.arweave.net/G3Z9-hBH7yP737cV2HatN4nAugXf-LCX6xpzH7zvACA?ext=png', 'type': 'image/png'}], 'category': 'image', 'creators': [{'address': 'BwgpxJAFX9wtZSWxp3JUd65aky6a6N8F5xMqBfA39ohL', 'share': 100}]}",1,2Ks7NhvyEuH8FFvw2SUnS8x2ZUYfzMWqpPvpe6MqRAt5,1,{},{'moonrank': {'rank': 248}},False,"{'auctionHouseKey': 'E8cU1WiRWjanGxmn96ewBgk9vPTcL6AEZ1t6F6fkgUWe', 'sellerReferral': 'autMW8SgBkVYeBgqYiTuJZnkvDZMVU2MHJh9Jh7CSQ2', 'expiry': -1}"
49,5T1yq7SxE8ULssHkbPuwDUgRtwhdNdcV9zB1FANrrxEP,50.0,GeUanpUkjJW2K6yxNY2zHrmFpyQUhc5XF4Rs9Exw4gEU,Bawc75nLb2wafU1Nj4BSk5GEGi5h9qvkJtGdwwiVczE,solana_money_boys,Solana Money Boys,https://www.arweave.net/Sxf_fcHmimDjQTwOEU7RUCphXm99jwtLoJObj9yf-QM?ext=png,Solana Money Boy #520,building the metaverse,https://www.solanamoneyboys.com,image,"[{'address': '6VrHf4xmhQUMYQtFEUUo6ftUp8soqa81auAuzDhLTtNL', 'verified': 1, 'share': 0}, {'address': 'BwgpxJAFX9wtZSWxp3JUd65aky6a6N8F5xMqBfA39ohL', 'verified': 0, 'share': 100}]",750,8S1N5Far8KiBJaaWqTEApQLayxRNNMZWNo61ZDitrDqR,"[{'trait_type': 'background', 'value': 'pink'}, {'trait_type': 'face', 'value': 'light'}, {'trait_type': 'shirt', 'value': 'hoodielavender'}, {'trait_type': 'necklace', 'value': 'transparent1'}, {'trait_type': 'eyes', 'value': 'chill'}, {'trait_type': 'head', 'value': 'darkdrop2'}, {'trait_type': 'mouth', 'value': 'skullmouth'}]","{'files': [{'uri': 'https://www.arweave.net/Sxf_fcHmimDjQTwOEU7RUCphXm99jwtLoJObj9yf-QM?ext=png', 'type': 'image/png'}], 'category': 'image', 'creators': [{'address': 'BwgpxJAFX9wtZSWxp3JUd65aky6a6N8F5xMqBfA39ohL', 'share': 100}]}",1,8bRrTTc1vCR3fuEBhU2Vo5ga5KjLSfrmjpC9JojcEugV,1,{},{'moonrank': {'rank': 3916}},False,"{'auctionHouseKey': 'E8cU1WiRWjanGxmn96ewBgk9vPTcL6AEZ1t6F6fkgUWe', 'sellerReferral': 'autMW8SgBkVYeBgqYiTuJZnkvDZMVU2MHJh9Jh7CSQ2', 'expiry': -1}"
50,9nhvhKMnyZHnafuFJjDMUziwfbbAsvaHNPHeS21Ncrje,50.0,6onBrp67VGjZcbAYUAiCe6HYWuyM8WCZqvVy2ES4XG5S,7c96ePSTbayPD53G3Pu33UFnZPeU4SpBzW659ptShzjB,solana_money_boys,Solana Money Boys,https://www.arweave.net/1FEMet5H3ROy5AF5Sfxq9JyFftoe7wlC1AqKl3GG3Vo?ext=png,Solana Money Boy #1052,building the metaverse,https://www.solanamoneyboys.com,image,"[{'address': '6VrHf4xmhQUMYQtFEUUo6ftUp8soqa81auAuzDhLTtNL', 'verified': 1, 'share': 0}, {'address': 'BwgpxJAFX9wtZSWxp3JUd65aky6a6N8F5xMqBfA39ohL', 'verified': 0, 'share': 100}]",750,kHfDTrfe2G1PGFb3d2bbe3pf1xPMVLKsyorzFBPQPSo,"[{'trait_type': 'background', 'value': 'white'}, {'trait_type': 'face', 'value': 'pink'}, {'trait_type': 'shirt', 'value': 'collargreen'}, {'trait_type': 'necklace', 'value': 'transparent1'}, {'trait_type': 'eyes', 'value': 'awake'}, {'trait_type': 'head', 'value': 'darkdrop'}, {'trait_type': 'mouth', 'value': 'darkmask2'}]","{'files': [{'uri': 'https://www.arweave.net/1FEMet5H3ROy5AF5Sfxq9JyFftoe7wlC1AqKl3GG3Vo?ext=png', 'type': 'image/png'}], 'category': 'image', 'creators': [{'address': 'BwgpxJAFX9wtZSWxp3JUd65aky6a6N8F5xMqBfA39ohL', 'share': 100}]}",1,8bRrTTc1vCR3fuEBhU2Vo5ga5KjLSfrmjpC9JojcEugV,1,{},{'moonrank': {'rank': 2778}},False,"{'auctionHouseKey': 'E8cU1WiRWjanGxmn96ewBgk9vPTcL6AEZ1t6F6fkgUWe', 'sellerReferral': 'autMW8SgBkVYeBgqYiTuJZnkvDZMVU2MHJh9Jh7CSQ2', 'expiry': -1}"
51,usz5nGCCiv6m2BoKKmcn8p7B5mT2XS6ZaMhAJbzu8XJ,50.5,EVbhxNwPy7Jj9AdKh7Ee5PPBWWnz99j8qQYKNFAX6kDD,9kJvTy2VdzffnFei6sRxoF7gPqYJNceLaMDxQCiKvG1i,solana_money_boys,Solana Money Boys,https://www.arweave.net/NubkyT5eKWGPCybs52DKGYQiWXH1u5HlRXP7KZhBN-s?ext=png,Solana Money Boy #379,building the metaverse,https://www.solanamoneyboys.com,image,"[{'address': '6VrHf4xmhQUMYQtFEUUo6ftUp8soqa81auAuzDhLTtNL', 'verified': 1, 'share': 0}, {'address': 'BwgpxJAFX9wtZSWxp3JUd65aky6a6N8F5xMqBfA39ohL', 'verified': 0, 'share': 100}]",750,C6rvrbuW9TKHzp3Kp9UgzbN1Ht8abh2ZHvmFDiabB9CK,"[{'trait_type': 'background', 'value': 'green'}, {'trait_type': 'face', 'value': 'teal'}, {'trait_type': 'shirt', 'value': 'hoodielavender'}, {'trait_type': 'necklace', 'value': 'transparent1'}, {'trait_type': 'eyes', 'value': 'awake'}, {'trait_type': 'head', 'value': 'hatorange'}, {'trait_type': 'mouth', 'value': 'grinpink'}]","{'files': [{'uri': 'https://www.arweave.net/NubkyT5eKWGPCybs52DKGYQiWXH1u5HlRXP7KZhBN-s?ext=png', 'type': 'image/png'}], 'category': 'image', 'creators': [{'address': 'BwgpxJAFX9wtZSWxp3JUd65aky6a6N8F5xMqBfA39ohL', 'share': 100}]}",1,8bRrTTc1vCR3fuEBhU2Vo5ga5KjLSfrmjpC9JojcEugV,1,{},{'moonrank': {'rank': 3458}},False,"{'auctionHouseKey': 'E8cU1WiRWjanGxmn96ewBgk9vPTcL6AEZ1t6F6fkgUWe', 'sellerReferral': 'autMW8SgBkVYeBgqYiTuJZnkvDZMVU2MHJh9Jh7CSQ2', 'expiry': -1}"
52,8N8uPbV5Ung2VGd45ucfWb4bYHnszLCSsHMTdLVmM6ZB,55.0,4ZANu8pCL7CxwoeiEkSSsizPgaiXsNND3kbRyE2yHDeo,DjWS6q8UVbEAhBXETgs2VMNeq1tp7XnvjAbH8pEPFQkj,solana_money_boys,Solana Money Boys,https://www.arweave.net/pWZLCx7vHn8hirJu4T6MRzBPhqxJlqJF5c6oAUkI77w?ext=png,Solana Money Boy #1481,building the metaverse,https://www.solanamoneyboys.com,image,"[{'address': '6XGE4uBTcZCUuRo8X5W9sN4gXq93vGZbKGWEZtMQKGxy', 'verified': 1, 'share': 0}, {'address': 'BwgpxJAFX9wtZSWxp3JUd65aky6a6N8F5xMqBfA39ohL', 'verified': 0, 'share': 100}]",750,HKXqdvVAcnRakYwULojk4obpjsDVBkQFPQy8sfVnvbKy,"[{'trait_type': 'background', 'value': 'green'}, {'trait_type': 'face', 'value': 'pink'}, {'trait_type': 'shirt', 'value': 'collartealpink'}, {'trait_type': 'necklace', 'value': 'transparent1'}, {'trait_type': 'eyes', 'value': 'chill'}, {'trait_type': 'head', 'value': 'bald'}, {'trait_type': 'mouth', 'value': 'smokegreen'}]","{'files': [{'uri': 'https://www.arweave.net/pWZLCx7vHn8hirJu4T6MRzBPhqxJlqJF5c6oAUkI77w?ext=png', 'type': 'image/png'}], 'category': 'image', 'creators': [{'address': 'BwgpxJAFX9wtZSWxp3JUd65aky6a6N8F5xMqBfA39ohL', 'share': 100}]}",1,CvywfuSVev6da9LngjJkFd2y3utrU2W9zvHw8TAmfo9P,1,{},{'moonrank': {'rank': 632}},False,"{'auctionHouseKey': 'E8cU1WiRWjanGxmn96ewBgk9vPTcL6AEZ1t6F6fkgUWe', 'sellerReferral': 'autMW8SgBkVYeBgqYiTuJZnkvDZMVU2MHJh9Jh7CSQ2', 'expiry': -1}"
53,2phzTL1UorSoxi5s1rbeeyTHhbjBBvjpaUumjKegKQTn,55.0,3g86Ei8DZMwsVV6aZLG4pZNfV9De5htzc55yAhb53i2r,C1RUPgt9AeoZ7ZHrtzG3d52Fe4Q5ofPECJhHKgMHsvno,solana_money_boys,Solana Money Boys,https://www.arweave.net/OryZVPBm3EX_cvXRPgpb07Bx_bU51AjZB3hTTOGi0mM?ext=png,Solana Money Boy #470,building the metaverse,https://www.solanamoneyboys.com,image,"[{'address': '6VrHf4xmhQUMYQtFEUUo6ftUp8soqa81auAuzDhLTtNL', 'verified': 1, 'share': 0}, {'address': 'BwgpxJAFX9wtZSWxp3JUd65aky6a6N8F5xMqBfA39ohL', 'verified': 0, 'share': 100}]",750,3PxwEMB6f1g46JLtfyi4un3uR68uYaooCeBNQ64gEjuJ,"[{'trait_type': 'background', 'value': 'lavender'}, {'trait_type': 'face', 'value': 'yellow'}, {'trait_type': 'shirt', 'value': 'collaryellowlavender'}, {'trait_type': 'necklace', 'value': 'transparent1'}, {'trait_type': 'eyes', 'value': 'chill'}, {'trait_type': 'head', 'value': 'darkdrop'}, {'trait_type': 'mouth', 'value': 'smokeyellow'}]","{'files': [{'uri': 'https://www.arweave.net/OryZVPBm3EX_cvXRPgpb07Bx_bU51AjZB3hTTOGi0mM?ext=png', 'type': 'image/png'}], 'category': 'image', 'creators': [{'address': 'BwgpxJAFX9wtZSWxp3JUd65aky6a6N8F5xMqBfA39ohL', 'share': 100}]}",1,8bRrTTc1vCR3fuEBhU2Vo5ga5KjLSfrmjpC9JojcEugV,1,{},{'moonrank': {'rank': 490}},False,"{'auctionHouseKey': 'E8cU1WiRWjanGxmn96ewBgk9vPTcL6AEZ1t6F6fkgUWe', 'sellerReferral': 'autMW8SgBkVYeBgqYiTuJZnkvDZMVU2MHJh9Jh7CSQ2', 'expiry': -1}"
54,3iCxhb8QHq1dKJPgp89ABpve2sFtCt6vH6FmkapMKWWZ,55.0,E8b4AgXfpcyVxk7LEDJvs6b62UNcZj26jQ2pFpLk74xf,7L2xKq4ZBbz7g9VhqzenCuvYu9upGyAf8RPBXR33ueoG,solana_money_boys,Solana Money Boys,https://www.arweave.net/lBTqafe8uc5VYXR7uixUjMtRRn0fG7VnFcm1vP0LR_0?ext=png,Solana Money Boy #3638,building the metaverse,https://www.solanamoneyboys.com,image,"[{'address': '8aM3QrhMaShisqZAkjY3TiwbLbePA3VWRbaApJgJACK6', 'verified': 1, 'share': 0}, {'address': 'BwgpxJAFX9wtZSWxp3JUd65aky6a6N8F5xMqBfA39ohL', 'verified': 0, 'share': 100}]",750,DzpjCM4DenGnbjamrYTm7KxeoNWSPDgJrjh28e1R7jZ,"[{'trait_type': 'background', 'value': 'orange'}, {'trait_type': 'face', 'value': 'dark'}, {'trait_type': 'shirt', 'value': 'collarrainbow1'}, {'trait_type': 'necklace', 'value': 'ng'}, {'trait_type': 'eyes', 'value': 'awake'}, {'trait_type': 'head', 'value': 'dripteal'}, {'trait_type': 'mouth', 'value': 'tonguegreen'}]","{'files': [{'uri': 'https://www.arweave.net/lBTqafe8uc5VYXR7uixUjMtRRn0fG7VnFcm1vP0LR_0?ext=png', 'type': 'image/png'}], 'category': 'image', 'creators': [{'address': 'BwgpxJAFX9wtZSWxp3JUd65aky6a6N8F5xMqBfA39ohL', 'share': 100}]}",1,2Ks7NhvyEuH8FFvw2SUnS8x2ZUYfzMWqpPvpe6MqRAt5,1,{},{'moonrank': {'rank': 24}},False,"{'auctionHouseKey': 'E8cU1WiRWjanGxmn96ewBgk9vPTcL6AEZ1t6F6fkgUWe', 'sellerReferral': 'autMW8SgBkVYeBgqYiTuJZnkvDZMVU2MHJh9Jh7CSQ2', 'expiry': -1}"
55,EFkjgSv3eWMvmR8YZy3yUvCsqLXnx2JDaLNQTPG7f51n,69.0,6oz5AUHhqBu2k8xaXoqUZPrEhu7V8H8NzZfSE8QCpHYB,ELJiPKnY3VWUNVzQ6rfMxkxMCqwscfELbs1HCBrGrktJ,solana_money_boys,Solana Money Boys,https://www.arweave.net/C3useIXN2HWVPpCMUOGFa-QKoW5iuvRm9W7APTiscP4?ext=png,Solana Money Boy #4038,building the metaverse,https://www.solanamoneyboys.com,image,"[{'address': '8aM3QrhMaShisqZAkjY3TiwbLbePA3VWRbaApJgJACK6', 'verified': 1, 'share': 0}, {'address': 'BwgpxJAFX9wtZSWxp3JUd65aky6a6N8F5xMqBfA39ohL', 'verified': 0, 'share': 100}]",750,85zryAYUUhzVuGDanSWP94rnPm9wsSseUvPyFG5uUMdx,"[{'trait_type': 'background', 'value': 'teal'}, {'trait_type': 'face', 'value': 'purple'}, {'trait_type': 'shirt', 'value': 'jacketgreen'}, {'trait_type': 'necklace', 'value': 'ng'}, {'trait_type': 'eyes', 'value': 'chill'}, {'trait_type': 'head', 'value': 'darkdrop'}, {'trait_type': 'mouth', 'value': 'smokegreen'}]","{'files': [{'uri': 'https://www.arweave.net/C3useIXN2HWVPpCMUOGFa-QKoW5iuvRm9W7APTiscP4?ext=png', 'type': 'image/png'}], 'category': 'image', 'creators': [{'address': 'BwgpxJAFX9wtZSWxp3JUd65aky6a6N8F5xMqBfA39ohL', 'share': 100}]}",1,2Ks7NhvyEuH8FFvw2SUnS8x2ZUYfzMWqpPvpe6MqRAt5,1,{},{'moonrank': {'rank': 59}},False,"{'auctionHouseKey': 'E8cU1WiRWjanGxmn96ewBgk9vPTcL6AEZ1t6F6fkgUWe', 'sellerReferral': 'autMW8SgBkVYeBgqYiTuJZnkvDZMVU2MHJh9Jh7CSQ2', 'expiry': -1}"
56,JBvBNMapTUJZTgmsnDM4g5fwb73Db11J7t16wP6PJY2j,100.0,ANG3BsSR3sZCVFo3QnigwS9ch77KWEotqVtnF8Fh95NM,2XV3AUsW5oamNgarZXfjoz4fHYkLfxN1DwBa239ijN1P,solana_money_boys,Solana Money Boys,https://www.arweave.net/vyQFmiBFbHk-KlSp9GqeVxhWSvFOUyMWYjSFOSbk7pc?ext=png,Solana Money Boy #3258,building the metaverse,https://www.solanamoneyboys.com,image,"[{'address': '42eNtgbrbYhQwu7gDtZ1TExj3fyLSh868eaBg9eKPfHQ', 'verified': 1, 'share': 0}, {'address': 'BwgpxJAFX9wtZSWxp3JUd65aky6a6N8F5xMqBfA39ohL', 'verified': 0, 'share': 100}]",750,DYoF9LRrDMgrB133hZmwq4ZrKhGNUVY7uRcF8UvYaaWg,"[{'trait_type': 'background', 'value': 'pink'}, {'trait_type': 'face', 'value': 'yellow'}, {'trait_type': 'shirt', 'value': 'backpackpurpleyellow'}, {'trait_type': 'necklace', 'value': 'transparent1'}, {'trait_type': 'eyes', 'value': 'angry'}, {'trait_type': 'head', 'value': 'dropblue'}, {'trait_type': 'mouth', 'value': 'moneymouth'}]","{'files': [{'uri': 'https://www.arweave.net/vyQFmiBFbHk-KlSp9GqeVxhWSvFOUyMWYjSFOSbk7pc?ext=png', 'type': 'image/png'}], 'category': 'image', 'creators': [{'address': 'BwgpxJAFX9wtZSWxp3JUd65aky6a6N8F5xMqBfA39ohL', 'share': 100}]}",1,GN4VCxyGgCY7gQmiZTn8FXvjEWdXQ7xLGqSjhi2zYWPQ,1,{},{'moonrank': {'rank': 643}},False,"{'auctionHouseKey': 'E8cU1WiRWjanGxmn96ewBgk9vPTcL6AEZ1t6F6fkgUWe', 'sellerReferral': 'autMW8SgBkVYeBgqYiTuJZnkvDZMVU2MHJh9Jh7CSQ2', 'expiry': -1}"
57,4Nf1eKpbFuvUnZE8433t9qopXLmcem4pfQFCMB8VDJYP,100.0,9vNEukhJocxbhPncwZrQj4LnBkm3m4ZTpyHutSwqsmVu,BpyGoSLWeh5jk7c85eVq8XEepD2Pj6M63FAcQCTeE6EQ,solana_money_boys,Solana Money Boys,https://www.arweave.net/-l3MnmQoZ21IFegM8B6hozY49BCyCftf1F84Qr6q15s?ext=png,Solana Money Boy #924,building the metaverse,https://www.solanamoneyboys.com,image,"[{'address': '6VrHf4xmhQUMYQtFEUUo6ftUp8soqa81auAuzDhLTtNL', 'verified': 1, 'share': 0}, {'address': 'BwgpxJAFX9wtZSWxp3JUd65aky6a6N8F5xMqBfA39ohL', 'verified': 0, 'share': 100}]",750,F5EgAyNzFFnfaN3iy6BMzCF5R3k9AdQgQ5mSCG44gRWG,"[{'trait_type': 'background', 'value': 'teal'}, {'trait_type': 'face', 'value': 'dark'}, {'trait_type': 'shirt', 'value': 'robeblueteal'}, {'trait_type': 'necklace', 'value': 'transparent1'}, {'trait_type': 'eyes', 'value': 'awake'}, {'trait_type': 'head', 'value': 'bald'}, {'trait_type': 'mouth', 'value': 'smile'}]","{'files': [{'uri': 'https://www.arweave.net/-l3MnmQoZ21IFegM8B6hozY49BCyCftf1F84Qr6q15s?ext=png', 'type': 'image/png'}], 'category': 'image', 'creators': [{'address': 'BwgpxJAFX9wtZSWxp3JUd65aky6a6N8F5xMqBfA39ohL', 'share': 100}]}",1,8bRrTTc1vCR3fuEBhU2Vo5ga5KjLSfrmjpC9JojcEugV,1,{},{'moonrank': {'rank': 3482}},False,"{'auctionHouseKey': 'E8cU1WiRWjanGxmn96ewBgk9vPTcL6AEZ1t6F6fkgUWe', 'sellerReferral': 'autMW8SgBkVYeBgqYiTuJZnkvDZMVU2MHJh9Jh7CSQ2', 'expiry': -1}"
